F10-001,MAFERAÇO,17/09/2018,AVISTA,"0,00",FOB - Por Conta do Comprador
F10-002,COMERCIO DE FERRO SAO JOAO LTDA,18/09/2018,28 / 42 / 56 DDL,"0,00",FOB - Por Conta do Comprador
F10-003,TETRAFERRO LTDA,19/09/2018,28 / 42 / 56 DDL,"0,00",FOB - Por Conta do Comprador
F10-003A,COMERCIO DE SUCATAS PREZOTTO,21/09/2018,28 / 42 / 56 DDL,"0,00",FOB - Por Conta do Comprador
F10-004,COMERCIAL GOLDONI PRODUTOS SIDERURGICOS LTDA,19/09/2018,30 DDL,"0,00",FOB - Por Conta do Comprador
F10-004A,COMERCIO DE SUCATAS PREZOTTO,21/09/2018,28 DDL,"0,00",FOB - Por Conta do Comprador
F10-005,MANETONI DISTR DE PRODUTOS SID IMP E EXP LTDA,20/09/2018,30 / 40 / 50 / 60 DDL,"0,00",FOB - Por Conta do Comprador
F10-006,COMERCIO DE FERRO SAO JOAO LTDA,20/09/2018,28 / 42 / 56 DDL,"0,00",FOB - Por Conta do Comprador
F10-007,INTERINOX COMERCIO DE METAIS LTDA,22/09/2018,28 / 42 / 56 DDL,"0,00",FOB - Por Conta do Comprador
F10-008,MANETONI DISTR DE PRODUTOS SID IMP E EXP LTDA,25/09/2018,30 / 40 / 50 / 60 DDL,"0,00",FOB - Por Conta do Comprador
F10-009,MANETONI DISTR DE PRODUTOS SID IMP E EXP LTDA,26/09/2018,30 / 60 DDL,"0,00",FOB - Por Conta do Comprador
F10-010,INTERINOX COMERCIO DE METAIS LTDA,26/09/2018,28 / 35 / 42 DDL,"0,00",FOB - Por Conta do Comprador
F10-011,Italbras Comercio Representacoes LTDA - EPP,27/09/2018,Cheques Terceiro,"0,00",FOB - Por Conta do Comprador
F10-012,INTERINOX COMERCIO DE METAIS LTDA,01/10/2018,28 / 42 / 56 DDL,"0,00",FOB - Por Conta do Comprador
F10-012A,COMERCIO DE SUCATAS PREZOTTO,01/10/2018,Cheques Terceiro,"0,00",FOB - Por Conta do Comprador
F10-013,COMERCIO DE FERRO SAO JOAO LTDA,04/10/2018,28 / 35 / 42 DDL,"0,00",CIF - Por Conta do Fornecedor
F10-014,MARED ACO INOXIDAVEL LTDA (Chick Inox),04/10/2018,Cheques Terceiro,"0,00",CIF - Por Conta do Fornecedor
F10-015,ELINOX CENTRAL DE ACO INOXIDAVEL LTDA,05/10/2018,30 / 45 / 60 DDL,"0,00",FOB - Por Conta do Comprador
F10-016,COPERFIL INDUSTRIA E COMERCIO DE PERFILADOS LTDA,05/10/2018,28 DDL,"0,00",CIF - Por Conta do Fornecedor
F10-017,Italbras Comercio Representacoes LTDA - EPP,05/10/2018,Cheques Terceiro,"0,00",CIF - Por Conta do Fornecedor
F10-018,MANETONI DISTR DE PRODUTOS SID IMP E EXP LTDA,08/10/2018,30 / 60 DDL,"0,00",CIF - Por Conta do Fornecedor
F10-019,ArcelorMittal Brasil S.A - Rio das Pedras,08/10/2018,30 / 40 / 50 / 60 DDL,"0,00",CIF - Por Conta do Fornecedor
F10-020,COMERCIO DE FERRO SAO JOAO LTDA,08/10/2018,28 / 42 / 56 DDL,"0,00",CIF - Por Conta do Fornecedor
F10-021,KM TUBOS,09/10/2018,28 DDL,"0,00",FOB - Por Conta do Comprador
F10-022,TUBOFER SERRALHERIA LTDA - ME,10/10/2018,28 DDL,"0,00",FOB - Por Conta do Comprador
F10-023,EXCEL DIST DE PRODUTOS SIDERURGICOS LTDA,10/10/2018,28 / 56 DDL,"0,00",CIF - Por Conta do Fornecedor
F10-024,KM TUBOS,11/10/2018,28 DDL,"0,00",CIF - Por Conta do Fornecedor
F10-025,MARED ACO INOXIDAVEL LTDA (Chick Inox),11/10/2018,Cheques Terceiro,"0,00",CIF - Por Conta do Fornecedor
F10-026,COMERCIO DE SUCATAS PREZOTTO,16/10/2018,30 DDL,"0,00",FOB - Por Conta do Comprador
F10-027,KM TUBOS,18/10/2018,30 DDL,"0,00",CIF - Por Conta do Fornecedor
F10-028,COMERCIO DE SUCATAS PREZOTTO,18/10/2018,30 DDL,"0,00",FOB - Por Conta do Comprador
F10-029,OSTI BARRAS E HASTES ROSCADAS,22/10/2018,30 / 45 / 60 DDL,"0,00",FOB - Por Conta do Comprador
F10-030,CAMPINAS CORTE LASER,23/10/2018,28 DDL,"0,00",CIF - Por Conta do Fornecedor
F10-031,EXCEL DIST DE PRODUTOS SIDERURGICOS LTDA,23/10/2018,30 DDL,"0,00",CIF - Por Conta do Fornecedor
F10-032,EXCEL DIST DE PRODUTOS SIDERURGICOS LTDA,24/10/2018,30 DDL,"0,00",CIF - Por Conta do Fornecedor
F10-033,COMERCIO DE FERRO SAO JOAO LTDA,24/10/2018,28 / 42 / 56 DDL,"0,00",CIF - Por Conta do Fornecedor
F10-034,INTERINOX COMERCIO DE METAIS LTDA,24/10/2018,28 / 42 / 56 DDL,"0,00",CIF - Por Conta do Fornecedor
F10-035,ACOS MALTA LTDA,24/10/2018,28 / 42 / 56 DDL,"0,00",CIF - Por Conta do Fornecedor
F10-035A,ELISEU ChapaS - ANTONIO ELISEU LAGRANHA,24/10/2018,Cheques Terceiro,"0,00",CIF - Por Conta do Fornecedor
F10-036,COMERCIO DE FERRO SAO JOAO LTDA,25/10/2018,28 / 42 / 56 DDL,"0,00",CIF - Por Conta do Fornecedor
F10-037,RHOFERAÇO Comercio de Ferro e Aço Ltda.,29/10/2018,28 DDL,"0,00",CIF - Por Conta do Fornecedor
F10-038,ACO INOX AMERICANA,29/10/2018,28 DDL,"0,00",FOB - Por Conta do Comprador
F10-038A,COMERCIO DE SUCATAS PREZOTTO,29/10/2018,28 DDL,"0,00",FOB - Por Conta do Comprador
F10-038B,AMERICAFER,29/10/2018,AVISTA,"0,00",FOB - Por Conta do Comprador
F10-039,ATITUDE METAIS,29/10/2018,30 DDL,"0,00",FOB - Por Conta do Comprador
F10-040,TUBOFER SERRALHERIA LTDA - ME,30/10/2018,AVISTA,"0,00",FOB - Por Conta do Comprador
F10-041,EXCEL DIST DE PRODUTOS SIDERURGICOS LTDA,30/10/2018,28 / 42 / 56 DDL,"0,00",CIF - Por Conta do Fornecedor
F10-041A,ELISEU ChapaS - ANTONIO ELISEU LAGRANHA,30/10/2018,Cheques Terceiro,"0,00",CIF - Por Conta do Fornecedor
F10-042,MAFERAÇO,06/11/2018,AVISTA,"0,00",FOB - Por Conta do Comprador
F10-043,ACOS MALTA LTDA,06/11/2018,AVISTA,"0,00",CIF - Por Conta do Fornecedor
F10-044,INTERINOX COMERCIO DE METAIS LTDA,08/11/2018,28 / 42 / 56 DDL,"0,00",CIF - Por Conta do Fornecedor
F10-045,AMERICAFER,08/11/2018,28 DDL,"0,00",FOB - Por Conta do Comprador
F10-046,COMERCIO DE SUCATAS PREZOTTO,08/11/2018,28 DDL,"0,00",FOB - Por Conta do Comprador
F10-047,COMERCIO DE FERRO SAO JOAO LTDA,09/11/2018,28 / 42 / 56 DDL,"0,00",CIF - Por Conta do Fornecedor
F10-047A,ACO INOX AMERICANA,09/11/2018,AVISTA,"0,00",FOB - Por Conta do Comprador
F10-047B,ELISEU ChapaS - ANTONIO ELISEU LAGRANHA,09/11/2018,28 DDL,"0,00",CIF - Por Conta do Fornecedor
F10-048,EXCEL DIST DE PRODUTOS SIDERURGICOS LTDA,12/11/2018,28 / 42 / 56 DDL,"0,00",CIF - Por Conta do Fornecedor
F10-049,INTERINOX COMERCIO DE METAIS LTDA,13/11/2018,30 DDL,"0,00",FOB - Por Conta do Comprador
F10-049A,COMERCIO DE SUCATAS PREZOTTO,13/11/2018,30 DDL,"0,00",FOB - Por Conta do Comprador
F10-050,JOMAC USINAGEM EM GERAL,19/11/2018,30 DDL,"0,00",FOB - Por Conta do Comprador
F10-050A,COMERCIO DE SUCATAS PREZOTTO,20/11/2018,30 DDL,"0,00",FOB - Por Conta do Comprador
F10-050B,COMERCIO DE SUCATAS PREZOTTO,20/11/2018,30 DDL,"0,00",FOB - Por Conta do Comprador
F10-051,ATITUDE METAIS,21/11/2018,28 / 42 / 56 DDL,"0,00",FOB - Por Conta do Comprador
F10-052,COMERCIAL NORTE SUL,21/11/2018,28 / 42 / 56 DDL,"0,00",FOB - Por Conta do Comprador
F10-053,COMERCIAL NORTE SUL,23/11/2018,28 / 42 / 56 DDL,"0,00",FOB - Por Conta do Comprador
F10-054,MARED ACO INOXIDAVEL LTDA (Chick Inox),23/11/2018,30 DDL,"0,00",FOB - Por Conta do Comprador
F10-054A,METALURGICA BERTIZOLA LTDA - ME,23/11/2018,30 DDL,"0,00",FOB - Por Conta do Comprador
F10-054B,JOMAC USINAGEM EM GERAL,23/11/2018,30 DDL,"0,00",FOB - Por Conta do Comprador
F10-055,INTERINOX COMERCIO DE METAIS LTDA,27/11/2018,28 / 42 / 56 DDL,"0,00",FOB - Por Conta do Comprador
F10-056,JOMAC USINAGEM EM GERAL,28/11/2018,30 DDL,"0,00",FOB - Por Conta do Comprador
F10-057,JOMAC USINAGEM EM GERAL,29/11/2018,30 DDL,"0,00",FOB - Por Conta do Comprador
F10-058,INTERINOX COMERCIO DE METAIS LTDA,29/11/2018,28 DDL,"0,00",FOB - Por Conta do Comprador
F10-059,JOMAC USINAGEM EM GERAL,29/11/2018,30 DDL,"0,00",CIF - Por Conta do Fornecedor
F10-060,RHOFERAÇO Comercio de Ferro e Aço Ltda.,29/11/2018,30 DDL,"0,00",CIF - Por Conta do Fornecedor
F10-061,APERAM CAMPINAS - SERVICES & SOLUTIONS,29/11/2018,30 DDL,"0,00",CIF - Por Conta do Fornecedor
F10-062,ELISEU ChapaS - ANTONIO ELISEU LAGRANHA,30/11/2018,Cheques Terceiro,"0,00",CIF - Por Conta do Fornecedor
F10-062A,JOMAC USINAGEM EM GERAL,30/11/2018,30 DDL,"0,00",FOB - Por Conta do Comprador
F10-063,KM TUBOS,03/12/2018,30 DDL,"0,00",FOB - Por Conta do Comprador
F10-064,Italbras Comercio Representacoes LTDA - EPP,03/12/2018,AVISTA,"0,00",FOB - Por Conta do Comprador
F10-065,JOMAC USINAGEM EM GERAL,05/12/2018,30 DDL,"0,00",FOB - Por Conta do Comprador
F10-066,ALUMINOVO PERFIS DE ALUMÍNIO LTDA.,05/12/2018,30 DDL,"0,00",FOB - Por Conta do Comprador
F10-067,AMERICAFER,06/12/2018,30 DDL,"0,00",FOB - Por Conta do Comprador
F10-068,Inox São Luiz Eireli,07/12/2018,30 DDL,"0,00",FOB - Por Conta do Comprador
F10-069,KM TUBOS,12/12/2018,30 DDL,"0,00",CIF - Por Conta do Fornecedor
F10-070,AMERICAFER,13/12/2018,30 DDL,"0,00",FOB - Por Conta do Comprador
F10-071,COMERCIAL NORTE SUL,13/12/2018,30 DDL,"0,00",FOB - Por Conta do Comprador
F10-072,EXCEL DIST DE PRODUTOS SIDERURGICOS LTDA,09/01/2019,30 DDL,"0,00",CIF - Por Conta do Fornecedor
F10-073,COMERCIO DE SUCATAS PREZOTTO,08/01/2019,30 DDL,"0,00",CIF - Por Conta do Fornecedor
F10-074,JOMAC USINAGEM EM GERAL,10/01/2019,30 DDL,"0,00",CIF - Por Conta do Fornecedor
F10-075,JTR. Comercio de Sucatas (Metais Moisés),10/01/2019,30 DDL,"0,00",CIF - Por Conta do Fornecedor
F10-076,ACOS MALTA LTDA,11/01/2019,28 / 35 / 42 DDL,"0,00",CIF - Por Conta do Fornecedor
F10-077,APERAM CAMPINAS - SERVICES & SOLUTIONS,14/01/2019,30 / 45 / 60 DDL,"0,00",CIF - Por Conta do Fornecedor
F10-078,ArcelorMittal Brasil S.A - Rio das Pedras,14/01/2019,30 / 40 / 50 / 60 DDL,"0,00",CIF - Por Conta do Fornecedor
F10-079,ACOS MALTA LTDA,15/01/2019,30 / 45 / 60 DDL,"0,00",CIF - Por Conta do Fornecedor
F10-080,MANETONI DISTR DE PRODUTOS SID IMP E EXP LTDA,16/01/2019,30 / 45 / 60 DDL,"0,00",CIF - Por Conta do Fornecedor
F10-081,EXCEL DIST DE PRODUTOS SIDERURGICOS LTDA,16/01/2019,30 / 45 / 60 DDL,"0,00",CIF - Por Conta do Fornecedor
F10-082,RHOFERAÇO Comercio de Ferro e Aço Ltda.,16/01/2019,30 DDL,"0,00",CIF - Por Conta do Fornecedor
F10-083,ACO INOX AMERICANA,17/01/2019,AVISTA,"0,00",FOB - Por Conta do Comprador
F10-084,COMERCIO DE SUCATAS PREZOTTO,17/01/2019,AVISTA,"0,00",CIF - Por Conta do Fornecedor
F10-085,FER-ALVAREZ PRODUTOS SIDERURGICOS INDUSTRIA E COMERCIO LTDA,18/01/2019,28 / 35 / 42 DDL,"0,00",CIF - Por Conta do Fornecedor
F10-086,COPERFIL INDUSTRIA E COMERCIO DE PERFILADOS LTDA,21/01/2019,28 DDL,"0,00",CIF - Por Conta do Fornecedor
F10-087,JOMAC USINAGEM EM GERAL,21/01/2019,28 DDL,"0,00",CIF - Por Conta do Fornecedor
F10-088,ATITUDE METAIS,22/01/2019,28 DDL,"0,00",CIF - Por Conta do Fornecedor
F10-089,JOMAC USINAGEM EM GERAL,22/01/2019,28 DDL,"0,00",CIF - Por Conta do Fornecedor
F10-090,ANTONIO CARLOS CANOVA - ChapaS,23/01/2019,28 DDL,"0,00",CIF - Por Conta do Fornecedor
F10-091,CURYFER,24/01/2019,AVISTA,"0,00",CIF - Por Conta do Fornecedor
F10-092,COPERFIL INDUSTRIA E COMERCIO DE PERFILADOS LTDA,28/01/2019,28 DDL,"0,00",CIF - Por Conta do Fornecedor
F10-093,CURYFER,28/01/2019,28 DDL,"0,00",CIF - Por Conta do Fornecedor
F10-094,CURYFER,31/01/2019,AVISTA,"0,00",CIF - Por Conta do Fornecedor
F10-095,Granpen Indústria Metalúrgica Eireli,01/02/2019,30 DDL,"0,00",FOB - Por Conta do Comprador
F10-096,COMERCIO DE SUCATAS PREZOTTO,04/02/2019,30 DDL,"0,00",FOB - Por Conta do Comprador
F10-097,OSTI BARRAS E HASTES ROSCADAS,04/02/2019,30 DDL,"54,18",FOB - Por Conta do Comprador
F10-098,CURYFER,12/02/2019,AVISTA,"0,00",CIF - Por Conta do Fornecedor
F10-099,COPERFIL INDUSTRIA E COMERCIO DE PERFILADOS LTDA,12/02/2019,28 / 42 / 56 DDL,"0,00",CIF - Por Conta do Fornecedor
F10-100,TUBOS OLIVEIRA LTDA,12/02/2019,AVISTA,"0,00",FOB - Por Conta do Comprador
F10-101,MANETONI DISTR DE PRODUTOS SID IMP E EXP LTDA,13/02/2019,30 / 45 / 60 DDL,"0,00",CIF - Por Conta do Fornecedor
F10-102,ATITUDE METAIS,18/02/2019,30 / 45 / 60 DDL,"0,00",FOB - Por Conta do Comprador
F10-103,RHOFERAÇO Comercio de Ferro e Aço Ltda.,18/02/2019,30 / 45 / 60 DDL,"0,00",CIF - Por Conta do Fornecedor
F10-104,MECATTI COMERCIO DE FERRO E ACO LTDA,19/02/2019,AVISTA,"0,00",FOB - Por Conta do Comprador
F10-105,ATITUDE METAIS,20/02/2019,28 / 42 / 56 DDL,"0,00",FOB - Por Conta do Comprador
F10-106,CURYFER,25/02/2019,28 / 42 / 56 DDL,"0,00",CIF - Por Conta do Fornecedor
F10-107,MANETONI DISTR DE PRODUTOS SID IMP E EXP LTDA,27/02/2019,30 / 45 / 60 DDL,"0,00",CIF - Por Conta do Fornecedor
F10-108,EXCEL DIST DE PRODUTOS SIDERURGICOS LTDA,01/03/2019,28 / 42 / 56 DDL,"0,00",CIF - Por Conta do Fornecedor
F10-109,MANETONI DISTR DE PRODUTOS SID IMP E EXP LTDA,06/03/2019,30 / 45 / 60 DDL,"0,00",CIF - Por Conta do Fornecedor
F10-110,COPERFIL INDUSTRIA E COMERCIO DE PERFILADOS LTDA,06/03/2019,28 DDL,"0,00",CIF - Por Conta do Fornecedor
F10-111,CURYFER,06/03/2019,28 / 42 / 56 DDL,"0,00",CIF - Por Conta do Fornecedor
F10-112,INTERINOX COMERCIO DE METAIS LTDA,12/03/2019,28 / 42 / 56 DDL,"0,00",FOB - Por Conta do Comprador
F10-113,MANETONI DISTR DE PRODUTOS SID IMP E EXP LTDA,13/03/2019,AVISTA,"0,00",CIF - Por Conta do Fornecedor
F10-114,CURYFER,14/03/2019,28 DDL,"0,00",CIF - Por Conta do Fornecedor
F10-115,COPERFIL INDUSTRIA E COMERCIO DE PERFILADOS LTDA,14/03/2019,28 DDL,"0,00",CIF - Por Conta do Fornecedor
F10-116,RHOFERAÇO Comercio de Ferro e Aço Ltda.,15/03/2019,AVISTA,"0,00",CIF - Por Conta do Fornecedor
F10-117,JOMAC USINAGEM EM GERAL,15/03/2019,30 DDL,"0,00",FOB - Por Conta do Comprador
F10-118,ATITUDE METAIS,15/03/2019,28 / 35 DDL,"0,00",FOB - Por Conta do Comprador
F10-119,JOMAC USINAGEM EM GERAL,15/03/2019,30 DDL,"0,00",FOB - Por Conta do Comprador
F10-120,CURYFER,19/03/2019,28 / 42 / 56 DDL,"0,00",CIF - Por Conta do Fornecedor
F10-121,COPERFIL INDUSTRIA E COMERCIO DE PERFILADOS LTDA,22/03/2019,28 DDL,"0,00",CIF - Por Conta do Fornecedor
F10-122,MECATTI COMERCIO DE FERRO E ACO LTDA,25/03/2019,28 DDL,"0,00",FOB - Por Conta do Comprador
F10-123,SA METAIS COMERCIAL LTDA,27/03/2019,28 DDL,"0,00",CIF - Por Conta do Fornecedor
F10-124,ACOS MALTA LTDA,29/03/2019,AVISTA,"0,00",CIF - Por Conta do Fornecedor
F10-125,CURYFER,29/03/2019,28 / 42 / 56 DDL,"0,00",CIF - Por Conta do Fornecedor
F10-126,NOROAÇO COMERCIO DE FERRO E AÇO,29/03/2019,7 DDL,"0,00",CIF - Por Conta do Fornecedor
F10-127,CURYFER,04/04/2019,28 / 42 / 56 DDL,"0,00",CIF - Por Conta do Fornecedor
F10-128,COPERFIL INDUSTRIA E COMERCIO DE PERFILADOS LTDA,09/04/2019,28 / 42 / 56 DDL,"0,00",CIF - Por Conta do Fornecedor
F10-129,CURYFER,12/04/2019,28 DDL,"0,00",CIF - Por Conta do Fornecedor
F10-130,NOROAÇO COMERCIO DE FERRO E AÇO,17/04/2019,28 / 42 / 56 DDL,"0,00",CIF - Por Conta do Fornecedor
F10-131,FATIMA FERRO E ACO LTDA,17/04/2019,30 / 45 / 60 DDL,"0,00",FOB - Por Conta do Comprador
F10-132,NOROAÇO COMERCIO DE FERRO E AÇO,24/04/2019,30 / 45 / 60 DDL,"0,00",CIF - Por Conta do Fornecedor
F10-133,COPERFIL INDUSTRIA E COMERCIO DE PERFILADOS LTDA,24/04/2019,28 DDL,"0,00",CIF - Por Conta do Fornecedor
F10-134,Expanchapas Metais Expandidos,25/04/2019,AVISTA,"0,00",FOB - Por Conta do Comprador
F10-135,INTERINOX COMERCIO DE METAIS LTDA,01/05/2019,28 / 42 / 56 DDL,"0,00",
F10-136,NOROAÇO COMERCIO DE FERRO E AÇO,02/05/2019,28 DDL,"0,00",
F10-137,ATITUDE METAIS,02/05/2019,28 DDL,"0,00",
F10-138,MANETONI DISTR DE PRODUTOS SID IMP E EXP LTDA,02/05/2019,28 DDL,"0,00",
F10-138A,COMERCIO DE SUCATAS PREZOTTO,07/05/2019,28 DDL,"0,00",FOB - Por Conta do Comprador
F10-139,NOROAÇO COMERCIO DE FERRO E AÇO,08/05/2019,28 DDL,"0,00",
F10-139A,COMERCIO DE SUCATAS PREZOTTO,08/05/2019,28 DDL,"0,00",FOB - Por Conta do Comprador
F10-140,JTR. Comercio de Sucatas (Metais Moisés),09/05/2019,AVISTA,"78,00",
F10-141,COPERFIL INDUSTRIA E COMERCIO DE PERFILADOS LTDA,10/05/2019,28 DDL,"0,00",CIF - Por Conta do Fornecedor
F10-142,FER-ALVAREZ PRODUTOS SIDERURGICOS INDUSTRIA E COMERCIO LTDA,10/05/2019,28 / 35 / 42 DDL,"0,00",FOB - Por Conta do Comprador
F10-143,MARED ACO INOXIDAVEL LTDA (Chick Inox),14/05/2019,28 DDL,"0,00",FOB - Por Conta do Comprador
F10-144,COMERCIO DE FERRO SAO JOAO LTDA,14/05/2019,Cheques Terceiro,"0,00",CIF - Por Conta do Fornecedor
F10-145,CURYFER,14/05/2019,Cheques Terceiro,"0,00",CIF - Por Conta do Fornecedor
F10-146,COPERFIL INDUSTRIA E COMERCIO DE PERFILADOS LTDA,16/05/2019,28 DDL,"0,00",CIF - Por Conta do Fornecedor
F10-147,MECATTI COMERCIO DE FERRO E ACO LTDA,20/05/2019,AVISTA,"0,00",FOB - Por Conta do Comprador
F10-148,MANETONI DISTR DE PRODUTOS SID IMP E EXP LTDA,20/05/2019,30 / 45 / 60 DDL,"0,00",CIF - Por Conta do Fornecedor
F10-149,EXCEL DIST DE PRODUTOS SIDERURGICOS LTDA,20/05/2019,28 / 35 / 42 DDL,"0,00",FOB - Por Conta do Comprador
F10-150,AÇOFERA,21/05/2019,AVISTA,"0,00",FOB - Por Conta do Comprador
F10-151,APERAM CAMPINAS - SERVICES & SOLUTIONS,23/05/2019,30 / 45 / 60 DDL,"0,00",CIF - Por Conta do Fornecedor
F10-152,CURYFER,22/05/2019,Cheques Terceiro,"0,00",FOB - Por Conta do Comprador
F10-152A,COMERCIO DE SUCATAS PREZOTTO,24/05/2019,28 DDL,"0,00",FOB - Por Conta do Comprador
F10-153,OSTI BARRAS E HASTES ROSCADAS,28/05/2019,30 DDL,"0,00",FOB - Por Conta do Comprador
F10-154,ATITUDE METAIS,28/05/2019,28 DDL,"0,00",FOB - Por Conta do Comprador
F10-155,COPERFIL INDUSTRIA E COMERCIO DE PERFILADOS LTDA,28/05/2019,28 DDL,"0,00",CIF - Por Conta do Fornecedor
F10-156,CURYFER,29/05/2019,Cheques Terceiro,"0,00",CIF - Por Conta do Fornecedor
F10-157,KLOECKNER METALS BRASIL SA,31/05/2019,28 / 56 DDL,"0,00",CIF - Por Conta do Fornecedor
F10-158,JTR. Comercio de Sucatas (Metais Moisés),03/06/2019,Cheques Terceiro,"0,00",CIF - Por Conta do Fornecedor
F10-159,OSTI BARRAS E HASTES ROSCADAS,04/06/2019,30 DDL,"0,00",FOB - Por Conta do Comprador
F10-160,RHOFERAÇO Comercio de Ferro e Aço Ltda.,05/06/2019,30 DDL,"0,00",CIF - Por Conta do Fornecedor
F10-161,COPERFIL INDUSTRIA E COMERCIO DE PERFILADOS LTDA,06/06/2019,28 DDL,"0,00",CIF - Por Conta do Fornecedor
F10-162,NOROAÇO COMERCIO DE FERRO E AÇO,07/06/2019,28 DDL,"0,00",CIF - Por Conta do Fornecedor
F10-163,COPERFIL INDUSTRIA E COMERCIO DE PERFILADOS LTDA,10/06/2019,28 DDL,"0,00",CIF - Por Conta do Fornecedor
F10-164,COMERCIO DE SUCATAS PREZOTTO,10/06/2019,28 DDL,"0,00",FOB - Por Conta do Comprador
F10-165,CURYFER,11/06/2019,Cheques Terceiro,"0,00",CIF - Por Conta do Fornecedor
F10-165A,COMERCIAL NORTE SUL,11/06/2019,28 DDL,"0,00",FOB - Por Conta do Comprador
F10-166,INTERINOX COMERCIO DE METAIS LTDA,12/06/2019,28 / 42 DDL,"0,00",FOB - Por Conta do Comprador
F10-167,ATITUDE METAIS,12/06/2019,AVISTA,"0,00",FOB - Por Conta do Comprador
F10-168,NOROAÇO COMERCIO DE FERRO E AÇO,12/06/2019,28 DDL,"0,00",CIF - Por Conta do Fornecedor
F10-169,JOMAC USINAGEM EM GERAL,18/06/2019,30 DDL,"0,00",CIF - Por Conta do Fornecedor
F10-170,Comércio de Ferros São João - Mogi Guaçu,18/06/2019,28 DDL,"0,00",FOB - Por Conta do Comprador
F10-171,JTR. Comercio de Sucatas (Metais Moisés),18/06/2019,Cheques Terceiro,"0,00",CIF - Por Conta do Fornecedor
F10-172,EXCEL DIST DE PRODUTOS SIDERURGICOS LTDA,19/06/2019,28 / 35 DDL,"0,00",CIF - Por Conta do Fornecedor
F10-173,NOROAÇO COMERCIO DE FERRO E AÇO,19/06/2019,Cheques Terceiro,"0,00",CIF - Por Conta do Fornecedor
F10-174,APERAM CAMPINAS - SERVICES & SOLUTIONS,24/06/2019,30 / 45 / 60 DDL,"0,00",CIF - Por Conta do Fornecedor
F10-175,CURYFER,24/06/2019,28 / 42 / 56 DDL,"0,00",FOB - Por Conta do Comprador
F10-176,JTR. Comercio de Sucatas (Metais Moisés),25/06/2019,Cheques Terceiro,"0,00",CIF - Por Conta do Fornecedor
F10-177,KLOECKNER METALS BRASIL SA,25/06/2019,28 / 42 / 49 DDL,"0,00",CIF - Por Conta do Fornecedor
F10-177A,COMERCIAL NORTE SUL,25/06/2019,30 DDL,"0,00",FOB - Por Conta do Comprador
F10-178,NOROAÇO COMERCIO DE FERRO E AÇO,26/06/2019,28 DDL,"0,00",CIF - Por Conta do Fornecedor
F10-179,ACO INOX AMERICANA,26/06/2019,AVISTA,"0,00",CIF - Por Conta do Fornecedor
F10-180,FATIMA FERRO E ACO LTDA,28/06/2019,30 / 40 / 50 DDL,"600,00",FOB - Por Conta do Comprador
F10-181,COMERCIO DE SUCATAS PREZOTTO,28/06/2019,30 DDL,"0,00",FOB - Por Conta do Comprador
F10-181A,KLOECKNER METALS BRASIL SA,02/07/2019,30 DDL,"0,00",CIF - Por Conta do Fornecedor
F10-182,CURYFER,03/07/2019,Cheques Terceiro,"0,00",CIF - Por Conta do Fornecedor
F10-183,APERAM CAMPINAS - SERVICES & SOLUTIONS,08/07/2019,30 / 45 / 60 DDL,"0,00",CIF - Por Conta do Fornecedor
F10-184,MANETONI DISTR DE PRODUTOS SID IMP E EXP LTDA,10/07/2019,30 / 45 / 60 DDL,"0,00",CIF - Por Conta do Fornecedor
F10-185,MANETONI DISTR DE PRODUTOS SID IMP E EXP LTDA,10/07/2019,ROTOWORLD,"0,00",FOB - Por Conta do Comprador
F10-186,FER-ALVAREZ PRODUTOS SIDERURGICOS INDUSTRIA E COMERCIO LTDA,15/07/2019,30 / 40 / 50 DDL,"0,00",CIF - Por Conta do Fornecedor
F10-187,KENTUCKY INDÚSTRIA E COMÉRCIO EIRELI EPP,16/07/2019,30 / 45 / 60 DDL,"0,00",CIF - Por Conta do Fornecedor
F10-187A,ELISEU ChapaS - ANTONIO ELISEU LAGRANHA,16/07/2019,Cheques Terceiro,"0,00",CIF - Por Conta do Fornecedor
F10-188,AÇOFERA,18/07/2019,21/28/35 DDL,"0,00",FOB - Por Conta do Comprador
F10-189,SUMARACO COMERCIO DE FERRO E ACO LTDA - EPP,18/07/2019,AVISTA,"0,00",FOB - Por Conta do Comprador
F10-190,FATIMA FERRO E ACO LTDA,19/07/2019,30 / 45 / 60 DDL,"0,00",FOB - Por Conta do Comprador
F10-191,COPERFIL INDUSTRIA E COMERCIO DE PERFILADOS LTDA,19/07/2019,28 DDL,"0,00",CIF - Por Conta do Fornecedor
F10-192,INTERINOX COMERCIO DE METAIS LTDA,25/07/2019,28 DDL,"0,00",FOB - Por Conta do Comprador
F10-193,NOROAÇO COMERCIO DE FERRO E AÇO,25/07/2019,30 / 45 / 60 DDL,"0,00",CIF - Por Conta do Fornecedor
F10-194,GONVARRI STEEL SERVICES,25/07/2019,30 / 45 / 60 DDL,"0,00",CIF - Por Conta do Fornecedor
F10-195,CURYFER,25/07/2019,Cheques Terceiro,"0,00",CIF - Por Conta do Fornecedor
F10-196,APERAM CAMPINAS - SERVICES & SOLUTIONS,26/07/2019,30 / 45 / 60 DDL,"0,00",CIF - Por Conta do Fornecedor
F10-197,NOROAÇO COMERCIO DE FERRO E AÇO,26/07/2019,30 / 45 / 60 DDL,"0,00",CIF - Por Conta do Fornecedor
F10-198,CURYFER,30/07/2019,Cheques Terceiro,"0,00",FOB - Por Conta do Comprador
F10-199,MANETONI DISTR DE PRODUTOS SID IMP E EXP LTDA,31/07/2019,ROTOWORLD,"0,00",FOB - Por Conta do Comprador
F10-200,GONVARRI STEEL SERVICES,31/07/2019,30 / 45 / 60 DDL,"0,00",CIF - Por Conta do Fornecedor
F10-201,JOMAC USINAGEM EM GERAL,06/08/2019,30 DDL,"0,00",CIF - Por Conta do Fornecedor
F10-202,COPERFIL INDUSTRIA E COMERCIO DE PERFILADOS LTDA,06/08/2019,21/28/35/42/49 DDL,"0,00",CIF - Por Conta do Fornecedor
F10-203,MARED ACO INOXIDAVEL LTDA (Chick Inox),07/08/2019,AVISTA,"0,00",FOB - Por Conta do Comprador
F10-204,AçoGrade Comércio de Metais Perfurados LTDA,08/08/2019,AVISTA,"0,00",FOB - Por Conta do Comprador
F10-205,COPERFIL INDUSTRIA E COMERCIO DE PERFILADOS LTDA,13/08/2019,28 DDL,"0,00",CIF - Por Conta do Fornecedor
F10-206,Anhanguera 110 - Aco Inox e Sucatas LTDA,19/08/2019,AVISTA,"0,00",FOB - Por Conta do Comprador
F10-207,SANTOFER FERROS E PERFILADOS LTDA,20/08/2019,7 DDL,"0,00",FOB - Por Conta do Comprador
F10-208,COPERFIL INDUSTRIA E COMERCIO DE PERFILADOS LTDA,23/08/2019,28 DDL,"0,00",CIF - Por Conta do Fornecedor
F10-209,APERAM CAMPINAS - SERVICES & SOLUTIONS,23/08/2019,30 / 45 / 60 DDL,"0,00",CIF - Por Conta do Fornecedor
F10-210,MANETONI DISTR DE PRODUTOS SID IMP E EXP LTDA,23/08/2019,30 / 45 / 60 DDL,"0,00",CIF - Por Conta do Fornecedor
F10-211,ArcelorMittal Brasil S.A - Rio das Pedras,23/08/2019,30 / 45 / 60 DDL,"0,00",CIF - Por Conta do Fornecedor
F10-212,SANTOFER FERROS E PERFILADOS LTDA,29/08/2019,7 DDL,"0,00",FOB - Por Conta do Comprador
F10-213,APERAM CAMPINAS - SERVICES & SOLUTIONS,29/08/2019,30 / 45 / 60 DDL,"0,00",CIF - Por Conta do Fornecedor
F10-214,FATIMA FERRO E ACO LTDA,29/08/2019,30 / 45 / 60 DDL,"0,00",FOB - Por Conta do Comprador
F10-215,CURYFER,02/09/2019,Cheques Terceiro,"0,00",CIF - Por Conta do Fornecedor
F10-216,JOMAC USINAGEM EM GERAL,03/09/2019,28 DDL,"0,00",CIF - Por Conta do Fornecedor
F10-217,COPERFIL INDUSTRIA E COMERCIO DE PERFILADOS LTDA,04/09/2019,28 / 35 / 42 DDL,"0,00",CIF - Por Conta do Fornecedor
F10-218,NOROAÇO COMERCIO DE FERRO E AÇO,04/09/2019,7 DDL,"0,00",CIF - Por Conta do Fornecedor
F10-219,COPERFIL INDUSTRIA E COMERCIO DE PERFILADOS LTDA,05/09/2019,28 DDL,"0,00",CIF - Por Conta do Fornecedor
F10-220,GONVARRI STEEL SERVICES,10/09/2019,30 / 45 / 60 DDL,"0,00",CIF - Por Conta do Fornecedor
F10-221,Anhanguera 110 - Aco Inox e Sucatas LTDA,11/09/2019,AVISTA,"0,00",FOB - Por Conta do Comprador
F10-222,COPERFIL INDUSTRIA E COMERCIO DE PERFILADOS LTDA,16/09/2019,28 DDL,"0,00",CIF - Por Conta do Fornecedor
F10-223,KENTUCKY INDÚSTRIA E COMÉRCIO EIRELI EPP,16/09/2019,30 / 45 / 60 DDL,"0,00",CIF - Por Conta do Fornecedor
F10-224,Jati-Serviços Comercio e Importação de Aço Ltda.,16/09/2019,30 / 45 / 60 DDL,"0,00",CIF - Por Conta do Fornecedor
F10-225,Anhanguera 110 - Aco Inox e Sucatas LTDA,17/09/2019,AVISTA,"0,00",FOB - Por Conta do Comprador
F10-226,Jati-Serviços Comercio e Importação de Aço Ltda.,18/09/2019,30 / 45 / 60 DDL,"0,00",CIF - Por Conta do Fornecedor
F10-227,NOROAÇO COMERCIO DE FERRO E AÇO,24/09/2019,30 / 45 / 60 DDL,"0,00",CIF - Por Conta do Fornecedor
F10-228,ACO INOX AMERICANA,24/09/2019,AVISTA,"0,00",FOB - Por Conta do Comprador
F10-229,Jati-Serviços Comercio e Importação de Aço Ltda.,25/09/2019,30 / 45 / 60 DDL,"0,00",CIF - Por Conta do Fornecedor
F10-230,FATIMA FERRO E ACO LTDA,26/09/2019,28 / 35 / 42 DDL,"0,00",FOB - Por Conta do Comprador
F10-231,COPERFIL INDUSTRIA E COMERCIO DE PERFILADOS LTDA,30/09/2019,28 DDL,"0,00",CIF - Por Conta do Fornecedor
F10-232,AçoGrade Comércio de Metais Perfurados LTDA,30/09/2019,AVISTA,"0,00",FOB - Por Conta do Comprador
F10-233,LIMERACO PRODUTOS SIDERURGICOS LTDA,03/10/2019,AVISTA,"0,00",FOB - Por Conta do Comprador
F10-234,COPERFIL INDUSTRIA E COMERCIO DE PERFILADOS LTDA,04/10/2019,28 DDL,"0,00",CIF - Por Conta do Fornecedor
F10-235,INTERINOX COMERCIO DE METAIS LTDA,08/10/2019,28 / 42 / 56 DDL,"0,00",FOB - Por Conta do Comprador
F10-236,COPERFIL INDUSTRIA E COMERCIO DE PERFILADOS LTDA,09/10/2019,28 / 35 DDL,"0,00",CIF - Por Conta do Fornecedor
F10-237,CURYFER,10/10/2019,Cheques Terceiro,"0,00",CIF - Por Conta do Fornecedor
F10-238,MANETONI DISTR DE PRODUTOS SID IMP E EXP LTDA,14/10/2019,ROTOWORLD,"0,00",CIF - Por Conta do Fornecedor
F10-239,COPERFIL INDUSTRIA E COMERCIO DE PERFILADOS LTDA,15/10/2019,28 / 35 DDL,"0,00",CIF - Por Conta do Fornecedor
F10-240,ACO INOX AMERICANA,15/10/2019,AVISTA,"0,00",FOB - Por Conta do Comprador
F10-241,Anhanguera 110 - Aco Inox e Sucatas LTDA,15/10/2019,AVISTA,"0,00",FOB - Por Conta do Comprador
F10-242,Jati-Serviços Comercio e Importação de Aço Ltda.,16/10/2019,28 / 42 / 56 DDL,"0,00",FOB - Por Conta do Comprador
F10-243,CURYFER,16/10/2019,Cheques Terceiro,"0,00",CIF - Por Conta do Fornecedor
F10-244,INTERINOX COMERCIO DE METAIS LTDA,17/10/2019,28 / 42 / 56 DDL,"0,00",CIF - Por Conta do Fornecedor
F10-245,ELINOX CENTRAL DE ACO INOXIDAVEL LTDA,21/10/2019,AVISTA,"0,00",FOB - Por Conta do Comprador
F10-246,APERAM CAMPINAS - SERVICES & SOLUTIONS,23/10/2019,30 / 45 / 60 DDL,"0,00",CIF - Por Conta do Fornecedor
F10-247,CURYFER,23/10/2019,Cheques Terceiro,"0,00",CIF - Por Conta do Fornecedor
F10-248,AMERICAFER,23/10/2019,30 DDL,"0,00",FOB - Por Conta do Comprador
F10-249,ATITUDE METAIS,25/10/2019,30 / 45 DDL,"0,00",CIF - Por Conta do Fornecedor
F10-250,COMERCIO DE SUCATAS PREZOTTO,25/10/2019,AVISTA,"0,00",FOB - Por Conta do Comprador
F10-251,COPERFIL INDUSTRIA E COMERCIO DE PERFILADOS LTDA,29/10/2019,28 DDL,"0,00",CIF - Por Conta do Fornecedor
F10-252,CURYFER,29/10/2019,Cheques Terceiro,"0,00",CIF - Por Conta do Fornecedor
F10-252A,Anhanguera 110 - Aco Inox e Sucatas LTDA,29/10/2019,AVISTA,"0,00",FOB - Por Conta do Comprador
F10-253,MMS MULTIAÇOS METAIS E SERVIÇOS LTDA,30/10/2019,30 / 45 / 60 DDL,"0,00",CIF - Por Conta do Fornecedor
F10-254,COMERCIO DE FERRO SAO JOAO LTDA,04/11/2019,30 / 45 / 60 DDL,"0,00",CIF - Por Conta do Fornecedor
F10-255,CURYFER,05/11/2019,Cheques Terceiro,"0,00",CIF - Por Conta do Fornecedor
F10-256,JTR. Comercio de Sucatas (Metais Moisés),05/11/2019,AVISTA,"0,00",CIF - Por Conta do Fornecedor
F10-257,TETRAFERRO LTDA,06/11/2019,28 / 42 / 56 DDL,"0,00",CIF - Por Conta do Fornecedor
F10-258,NOROAÇO COMERCIO DE FERRO E AÇO,06/11/2019,28 / 42 / 56 DDL,"0,00",CIF - Por Conta do Fornecedor
F10-259,PAULIFER S/A INDÚSTRIA E COMÉRCIO DE FERRO E AÇO,06/11/2019,30 / 45 / 60 DDL,"0,00",CIF - Por Conta do Fornecedor
F10-260,MMS MULTIAÇOS METAIS E SERVIÇOS LTDA,08/11/2019,30 / 45 / 60 DDL,"0,00",CIF - Por Conta do Fornecedor
F10-261,ATITUDE METAIS,13/11/2019,30 / 45 / 60 DDL,"0,00",CIF - Por Conta do Fornecedor
F10-261A,JOMAC USINAGEM EM GERAL,13/11/2019,28 DDL,"0,00",FOB - Por Conta do Comprador
F10-262,CURYFER,18/11/2019,Cheques Terceiro,"0,00",CIF - Por Conta do Fornecedor
F10-263,APERAM CAMPINAS - SERVICES & SOLUTIONS,18/11/2019,30 / 45 / 60 DDL,"0,00",CIF - Por Conta do Fornecedor
F10-264,MANETONI DISTR DE PRODUTOS SID IMP E EXP LTDA,19/11/2019,ROTOWORLD,"0,00",FOB - Por Conta do Comprador
F10-265,COMERCIO DE SUCATAS PREZOTTO,20/11/2019,AVISTA,"0,00",FOB - Por Conta do Comprador
F10-265A,COMERCIO DE SUCATAS PREZOTTO,20/11/2019,30 DDL,"0,00",FOB - Por Conta do Comprador
F10-266,COPERFIL INDUSTRIA E COMERCIO DE PERFILADOS LTDA,21/11/2019,28 DDL,"0,00",CIF - Por Conta do Fornecedor
F10-267,AMERICAFER,21/11/2019,AVISTA,"0,00",FOB - Por Conta do Comprador
F10-268,COPERFIL INDUSTRIA E COMERCIO DE PERFILADOS LTDA,25/11/2019,28 DDL,"0,00",CIF - Por Conta do Fornecedor
F10-269,MMS MULTIAÇOS METAIS E SERVIÇOS LTDA,25/11/2019,30 / 45 / 60 DDL,"0,00",CIF - Por Conta do Fornecedor
F10-270,CURYFER,26/11/2019,Cheques Terceiro,"0,00",CIF - Por Conta do Fornecedor
F10-271,COPERFIL INDUSTRIA E COMERCIO DE PERFILADOS LTDA,26/11/2019,28 DDL,"0,00",CIF - Por Conta do Fornecedor
F10-272,INTERINOX COMERCIO DE METAIS LTDA,26/11/2019,28 / 35 / 42 DDL,"0,00",FOB - Por Conta do Comprador
F10-273,MANETONI DISTR DE PRODUTOS SID IMP E EXP LTDA,27/11/2019,30 / 45 / 60 DDL,"0,00",CIF - Por Conta do Fornecedor
F10-274,GONVARRI STEEL SERVICES,27/11/2019,30 / 45 / 60 DDL,"0,00",CIF - Por Conta do Fornecedor
F10-275,APERAM CAMPINAS - SERVICES & SOLUTIONS,06/12/2019,30 / 45 / 60 DDL,"0,00",CIF - Por Conta do Fornecedor
F10-276,TETRAFERRO LTDA,09/12/2019,ROTOWORLD,"0,00",CIF - Por Conta do Fornecedor
F10-277,ELISEU ChapaS - ANTONIO ELISEU LAGRANHA,10/12/2019,AVISTA,"0,00",CIF - Por Conta do Fornecedor
F10-278,PAULIFER S/A INDÚSTRIA E COMÉRCIO DE FERRO E AÇO,16/12/2019,30 / 45 / 60 DDL,"0,00",CIF - Por Conta do Fornecedor
F10-279,CURYFER,07/01/2020,Cheques Terceiro,"0,00",CIF - Por Conta do Fornecedor
F10-280,MMS MULTIAÇOS METAIS E SERVIÇOS LTDA,08/01/2020,30 / 45 / 60 DDL,"0,00",CIF - Por Conta do Fornecedor
F10-281,NOROAÇO COMERCIO DE FERRO E AÇO,08/01/2020,30 / 45 / 60 DDL,"0,00",CIF - Por Conta do Fornecedor
F10-282,CURYFER,10/01/2020,30 / 45 / 60 DDL,"0,00",CIF - Por Conta do Fornecedor
F10-283,MMS MULTIAÇOS METAIS E SERVIÇOS LTDA,14/01/2020,30 / 45 / 60 DDL,"0,00",CIF - Por Conta do Fornecedor
F10-284,APERAM CAMPINAS - SERVICES & SOLUTIONS,14/01/2020,30 / 45 / 60 DDL,"0,00",CIF - Por Conta do Fornecedor
F10-285,PAULIFER S/A INDÚSTRIA E COMÉRCIO DE FERRO E AÇO,17/01/2020,30 / 45 / 60 DDL,"0,00",CIF - Por Conta do Fornecedor
F10-286,COPERFIL INDUSTRIA E COMERCIO DE PERFILADOS LTDA,20/01/2020,28 DDL,"0,00",CIF - Por Conta do Fornecedor
F10-287,COPERFIL INDUSTRIA E COMERCIO DE PERFILADOS LTDA,22/01/2020,28 DDL,"0,00",CIF - Por Conta do Fornecedor
F10-288,NOROAÇO COMERCIO DE FERRO E AÇO,24/01/2020,30 / 45 / 60 DDL,"0,00",CIF - Por Conta do Fornecedor
F10-289,PROMETAIS INDUSTRIA E COMERCIO DE PRODUTOS,04/02/2020,Cheques Terceiro,"0,00",CIF - Por Conta do Fornecedor
F10-290,NOROAÇO COMERCIO DE FERRO E AÇO,04/02/2020,ROTOWORLD,"0,00",CIF - Por Conta do Fornecedor
F10-291,CURYFER,05/02/2020,AVISTA,"0,00",CIF - Por Conta do Fornecedor
F10-292,PROMETAIS INDUSTRIA E COMERCIO DE PRODUTOS,07/02/2020,Cheques Terceiro,"0,00",CIF - Por Conta do Fornecedor
F10-293,APERAM CAMPINAS - SERVICES & SOLUTIONS,10/02/2020,30 / 45 / 60 DDL,"0,00",CIF - Por Conta do Fornecedor
F10-294,COPERFIL INDUSTRIA E COMERCIO DE PERFILADOS LTDA,11/02/2020,30 / 45 / 60 DDL,"0,00",CIF - Por Conta do Fornecedor
F10-295,COPERFIL INDUSTRIA E COMERCIO DE PERFILADOS LTDA,13/02/2020,28 / 35 DDL,"0,00",CIF - Por Conta do Fornecedor
F10-296,CURYFER,26/02/2020,Cheques Terceiro,"0,00",CIF - Por Conta do Fornecedor
F10-297,COPERFIL INDUSTRIA E COMERCIO DE PERFILADOS LTDA,27/02/2020,28 DDL,"0,00",CIF - Por Conta do Fornecedor
F10-298,MANETONI DISTR DE PRODUTOS SID IMP E EXP LTDA,09/03/2020,28 / 42 / 56 DDL,"0,00",CIF - Por Conta do Fornecedor
F10-299,APERAM CAMPINAS - SERVICES & SOLUTIONS,12/03/2020,30 / 45 / 60 DDL,"0,00",CIF - Por Conta do Fornecedor
F10-300,Gilfer Comercio de Chapas de Aço,13/03/2020,AVISTA,"0,00",FOB - Por Conta do Comprador
F10-301,CURYFER,13/03/2020,28 / 56 DDL,"0,00",CIF - Por Conta do Fornecedor
F10-302,MMS MULTIAÇOS METAIS E SERVIÇOS LTDA,16/03/2020,30 / 45 / 60 DDL,"0,00",CIF - Por Conta do Fornecedor
F10-303,COMERCIO DE SUCATAS PREZOTTO,17/03/2020,AVISTA,"0,00",FOB - Por Conta do Comprador
F10-304,COMERCIO DE SUCATAS PREZOTTO,17/03/2020,AVISTA,"0,00",FOB - Por Conta do Comprador
F10-305,MANETONI DISTR DE PRODUTOS SID IMP E EXP LTDA,24/03/2020,ROTOWORLD,"0,00",FOB - Por Conta do Comprador
F10-306,NOROAÇO COMERCIO DE FERRO E AÇO,25/03/2020,21 DDL,"0,00",CIF - Por Conta do Fornecedor
F10-307,CURYFER,30/03/2020,Cheques Terceiro,"0,00",CIF - Por Conta do Fornecedor
F10-308,OSTI BARRAS E HASTES ROSCADAS,31/03/2020,28 / 56 DDL,"0,00",FOB - Por Conta do Comprador
F10-309,CURYFER,03/04/2020,Cheques Terceiro,"0,00",CIF - Por Conta do Fornecedor
F10-310,MARED ACO INOXIDAVEL LTDA (Chick Inox),06/04/2020,Cheques Terceiro,"0,00",FOB - Por Conta do Comprador
F10-311,CURYFER,14/04/2020,Cheques Terceiro,"0,00",CIF - Por Conta do Fornecedor
F10-311A,ELISEU ChapaS - ANTONIO ELISEU LAGRANHA,14/04/2020,AVISTA,"0,00",CIF - Por Conta do Fornecedor
F10-312,COPERFIL INDUSTRIA E COMERCIO DE PERFILADOS LTDA,15/04/2020,21 DDL,"0,00",CIF - Por Conta do Fornecedor
F10-313,NOROAÇO COMERCIO DE FERRO E AÇO,17/04/2020,30 / 45 / 60 DDL,"0,00",CIF - Por Conta do Fornecedor
F10-314,FATIMA FERRO E ACO LTDA,22/04/2020,28 / 35 / 42 DDL,"0,00",FOB - Por Conta do Comprador
F10-315,MACINOX ESTAMPARIA E Chapa PERFURADA LTDA,24/04/2020,AVISTA,"0,00",FOB - Por Conta do Comprador
F10-316,CURYFER,28/04/2020,Cheques Terceiro,"0,00",FOB - Por Conta do Comprador
F10-317,NOROAÇO COMERCIO DE FERRO E AÇO,29/04/2020,7 / 28 / 42 DDL,"0,00",CIF - Por Conta do Fornecedor
F10-318,RHOFERAÇO Comercio de Ferro e Aço Ltda.,07/05/2020,AVISTA,"0,00",FOB - Por Conta do Comprador
F10-319,CURYFER,12/05/2020,Cheques Terceiro,"0,00",CIF - Por Conta do Fornecedor
F10-320,NOROAÇO COMERCIO DE FERRO E AÇO,12/05/2020,28 / 35 DDL,"0,00",CIF - Por Conta do Fornecedor
F10-321,RHOFERAÇO Comercio de Ferro e Aço Ltda.,12/05/2020,Cheques Terceiro,"0,00",CIF - Por Conta do Fornecedor
F10-322,CURYFER,13/05/2020,Cheques Terceiro,"0,00",FOB - Por Conta do Comprador
F10-323,CURYFER,19/05/2020,Cheques Terceiro,"0,00",CIF - Por Conta do Fornecedor
F10-324,MACINOX ESTAMPARIA E Chapa PERFURADA LTDA,20/05/2020,AVISTA,"0,00",FOB - Por Conta do Comprador
F10-325,CURYFER,27/05/2020,Cheques Terceiro,"0,00",FOB - Por Conta do Comprador
F10-326,COPERFIL INDUSTRIA E COMERCIO DE PERFILADOS LTDA,27/05/2020,30 DDL,"0,00",CIF - Por Conta do Fornecedor
F10-327,MANETONI DISTR DE PRODUTOS SID IMP E EXP LTDA,29/05/2020,30 / 45 / 60 DDL,"0,00",CIF - Por Conta do Fornecedor
F10-328,COPERFIL INDUSTRIA E COMERCIO DE PERFILADOS LTDA,02/06/2020,28 DDL,"0,00",CIF - Por Conta do Fornecedor
F10-329,CURYFER,10/06/2020,Cheques Terceiro,"0,00",CIF - Por Conta do Fornecedor
F10-330,ATITUDE METAIS,16/06/2020,28 DDL,"0,00",FOB - Por Conta do Comprador
F10-331,APERAM CAMPINAS - SERVICES & SOLUTIONS,16/06/2020,30 / 45 / 60 DDL,"0,00",CIF - Por Conta do Fornecedor
F10-332,CURYFER,22/06/2020,Cheques Terceiro,"0,00",CIF - Por Conta do Fornecedor
F10-333,Jati-Serviços Comercio e Importação de Aço Ltda.,23/06/2020,28 DDL,"0,00",CIF - Por Conta do Fornecedor
F10-334,COPERFIL INDUSTRIA E COMERCIO DE PERFILADOS LTDA,23/06/2020,21 DDL,"0,00",CIF - Por Conta do Fornecedor
F10-335,ArcelorMittal Brasil S.A - Piracicaba,23/06/2020,30 / 45 / 60 DDL,"0,00",CIF - Por Conta do Fornecedor
F10-336,SHOCKMETAIS NÃO FERROSOS LTDA.,24/06/2020,AVISTA,"0,00",CIF - Por Conta do Fornecedor
F10-337,NOROAÇO COMERCIO DE FERRO E AÇO,24/06/2020,28 DDL,"0,00",CIF - Por Conta do Fornecedor
F10-338,PAULIFER S/A INDÚSTRIA E COMÉRCIO DE FERRO E AÇO,26/06/2020,30 / 45 / 60 DDL,"0,00",CIF - Por Conta do Fornecedor
F10-339,CURYFER,30/06/2020,30 / 45 / 60 DDL,"0,00",CIF - Por Conta do Fornecedor
F10-340,PROMETAIS INDUSTRIA E COMERCIO DE PRODUTOS,30/06/2020,Cheques Terceiro,"0,00",CIF - Por Conta do Fornecedor
F10-341,COPERFIL INDUSTRIA E COMERCIO DE PERFILADOS LTDA,07/07/2020,21 DDL,"0,00",CIF - Por Conta do Fornecedor
F10-342,CURYFER,09/07/2020,30 / 45 / 60 DDL,"0,00",CIF - Por Conta do Fornecedor
F10-343,MANETONI DISTR DE PRODUTOS SID IMP E EXP LTDA,09/07/2020,30 / 45 / 60 DDL,"0,00",CIF - Por Conta do Fornecedor
F10-344,CURYFER,15/07/2020,30 / 45 / 60 DDL,"0,00",CIF - Por Conta do Fornecedor
F10-345,CURYFER,17/07/2020,30 / 45 / 60 DDL,"0,00",CIF - Por Conta do Fornecedor
F10-346,OSTI BARRAS E HASTES ROSCADAS,17/07/2020,28 DDL,"0,00",CIF - Por Conta do Fornecedor
F10-347,COPERFIL INDUSTRIA E COMERCIO DE PERFILADOS LTDA,21/06/2020,21 DDL,"0,00",CIF - Por Conta do Fornecedor
F10-348,CURYFER,23/07/2020,Cheques Terceiro,"0,00",CIF - Por Conta do Fornecedor
F10-349,CURYFER,05/08/2020,Cheques Terceiro,"0,00",CIF - Por Conta do Fornecedor
F10-350,AÇOFERA,05/08/2020,AVISTA,"0,00",FOB - Por Conta do Comprador
F10-351,Jati-Serviços Comercio e Importação de Aço Ltda.,06/08/2020,30 DDL,"0,00",FOB - Por Conta do Comprador
F10-352,JTR. Comercio de Sucatas (Metais Moisés),10/08/2020,AVISTA,"0,00",CIF - Por Conta do Fornecedor
F10-353,COPERFIL INDUSTRIA E COMERCIO DE PERFILADOS LTDA,13/08/2020,21 DDL,"0,00",CIF - Por Conta do Fornecedor
F10-354,CURYFER,13/08/2020,30 / 45 / 60 DDL,"0,00",CIF - Por Conta do Fornecedor
F10-355,MULTIAÇOS IND.COM.PRODUTOS TECNICOS LTDA,14/08/2020,28 / 35 / 42 DDL,"0,00",CIF - Por Conta do Fornecedor
F10-356,MMS MULTIAÇOS METAIS E SERVIÇOS LTDA,14/08/2020,28 / 35 / 42 DDL,"0,00",CIF - Por Conta do Fornecedor
F10-357,COPERFIL INDUSTRIA E COMERCIO DE PERFILADOS LTDA,17/08/2020,21 DDL,"0,00",CIF - Por Conta do Fornecedor
F10-358,COPERFIL INDUSTRIA E COMERCIO DE PERFILADOS LTDA,17/08/2020,21 DDL,"0,00",CIF - Por Conta do Fornecedor
F10-359,ACO INOX PIRACICABA LTDA,21/08/2020,AVISTA,"0,00",FOB - Por Conta do Comprador
F10-360,JOMAC USINAGEM EM GERAL,21/08/2020,AVISTA,"0,00",FOB - Por Conta do Comprador
F10-361,APERAM CAMPINAS - SERVICES & SOLUTIONS,24/08/2020,30 / 45 / 60 DDL,"0,00",CIF - Por Conta do Fornecedor
F10-362,TETRAFERRO LTDA,26/08/2020,30 / 45 / 60 DDL,"0,00",CIF - Por Conta do Fornecedor
F10-363,KLOECKNER METALS BRASIL SA,27/08/2020,42 DDL,"0,00",CIF - Por Conta do Fornecedor
F10-364,APERAM CAMPINAS - SERVICES & SOLUTIONS,31/08/2020,30 / 45 / 60 DDL,"0,00",CIF - Por Conta do Fornecedor
F10-365,COPERFIL INDUSTRIA E COMERCIO DE PERFILADOS LTDA,02/09/2020,21 DDL,"0,00",CIF - Por Conta do Fornecedor
F10-366,MULTIAÇOS IND.COM.PRODUTOS TECNICOS LTDA,09/09/2020,30 / 45 / 60 DDL,"0,00",CIF - Por Conta do Fornecedor
F10-367,TETRAFERRO LTDA,09/09/2020,ROTOWORLD,"0,00",CIF - Por Conta do Fornecedor
F10-368,MANETONI DISTR DE PRODUTOS SID IMP E EXP LTDA,10/09/2020,30 / 45 / 60 DDL,"0,00",CIF - Por Conta do Fornecedor
F10-369,KLOECKNER METALS BRASIL SA,10/09/2020,28 / 42 / 56 DDL,"0,00",CIF - Por Conta do Fornecedor
F10-370,RFR COMERCIO E RECICLAGEM DE RESIDUOS LTDA.,10/09/2020,AVISTA,"1.400,00",FOB - Por Conta do Comprador
F10-371,CURYFER,17/09/2020,28 DDL,"0,00",FOB - Por Conta do Comprador
F10-372,COPERFIL INDUSTRIA E COMERCIO DE PERFILADOS LTDA,22/09/2020,21 DDL,"0,00",CIF - Por Conta do Fornecedor
F10-373,CURYFER,25/09/2020,28 DDL,"0,00",CIF - Por Conta do Fornecedor
F10-374,COPERFIL INDUSTRIA E COMERCIO DE PERFILADOS LTDA,01/10/2020,21 DDL,"0,00",CIF - Por Conta do Fornecedor
F10-375,APERAM CAMPINAS - SERVICES & SOLUTIONS,06/10/2020,30 / 45 / 60 DDL,"0,00",CIF - Por Conta do Fornecedor
F10-376,CURYFER,08/10/2020,28 / 35 / 42 DDL,"0,00",CIF - Por Conta do Fornecedor
F10-377,FATIMA FERRO E ACO LTDA,13/10/2020,30 / 45 / 60 DDL,"0,00",FOB - Por Conta do Comprador
F10-378,CURYFER,13/10/2020,30 / 45 / 60 DDL,"0,00",CIF - Por Conta do Fornecedor
F10-379,MMS MULTIAÇOS METAIS E SERVIÇOS LTDA,14/10/2020,28 / 35 / 42 DDL,"0,00",CIF - Por Conta do Fornecedor
F10-380,CURYFER,15/10/2020,30 / 45 / 60 DDL,"0,00",CIF - Por Conta do Fornecedor
F10-381,COPERFIL INDUSTRIA E COMERCIO DE PERFILADOS LTDA,19/10/2020,21 DDL,"0,00",CIF - Por Conta do Fornecedor
F10-382,APERAM CAMPINAS - SERVICES & SOLUTIONS,20/10/2020,30 / 45 / 60 DDL,"0,00",CIF - Por Conta do Fornecedor
F10-383,COPERFIL INDUSTRIA E COMERCIO DE PERFILADOS LTDA,20/10/2020,7 DDL,"0,00",CIF - Por Conta do Fornecedor
F10-384,COPERFIL INDUSTRIA E COMERCIO DE PERFILADOS LTDA,23/10/2020,28 DDL,"0,00",CIF - Por Conta do Fornecedor
F10-385,APERAM CAMPINAS - SERVICES & SOLUTIONS,26/10/2020,30 DDL,"0,00",CIF - Por Conta do Fornecedor
F10-386,TETRAFERRO LTDA,28/10/2020,28 / 42 / 56 DDL,"0,00",CIF - Por Conta do Fornecedor
F10-387,COPERFIL INDUSTRIA E COMERCIO DE PERFILADOS LTDA,05/11/2020,21 DDL,"0,00",CIF - Por Conta do Fornecedor
F10-388,Jati-Serviços Comercio e Importação de Aço Ltda.,13/11/2020,28 DDL,"0,00",FOB - Por Conta do Comprador
F10-389,Jati-Serviços Comercio e Importação de Aço Ltda.,18/11/2020,28 DDL,"0,00",FOB - Por Conta do Comprador
F10-390,COPERFIL INDUSTRIA E COMERCIO DE PERFILADOS LTDA,18/11/2020,28 DDL,"0,00",CIF - Por Conta do Fornecedor
F10-391,MULTIAÇOS IND.COM.PRODUTOS TECNICOS LTDA,23/11/2020,30 / 45 / 60 DDL,"0,00",CIF - Por Conta do Fornecedor
F10-392,CURYFER,24/11/2020,AVISTA,"0,00",CIF - Por Conta do Fornecedor
F10-393,COPERFIL INDUSTRIA E COMERCIO DE PERFILADOS LTDA,27/11/2020,21 DDL,"0,00",CIF - Por Conta do Fornecedor
F10-394,CURYFER,11/12/2020,AVISTA,"0,00",CIF - Por Conta do Fornecedor
F10-395,COPERFIL INDUSTRIA E COMERCIO DE PERFILADOS LTDA,15/12/2020,7 DDL,"0,00",CIF - Por Conta do Fornecedor
F10-396,EXCEL DIST DE PRODUTOS SIDERURGICOS LTDA,16/12/2020,AVISTA,"0,00",CIF - Por Conta do Fornecedor
F10-397,MANETONI DISTR DE PRODUTOS SID IMP E EXP LTDA,05/01/2021,30 / 45 / 60 DDL,"0,00",CIF - Por Conta do Fornecedor
F10-398,MULTIAÇOS IND.COM.PRODUTOS TECNICOS LTDA,05/01/2021,30 / 45 / 60 DDL,"0,00",CIF - Por Conta do Fornecedor
F10-399,RHOFERAÇO Comercio de Ferro e Aço Ltda.,06/01/2021,AVISTA,"0,00",FOB - Por Conta do Comprador
F10-400,TETRAFERRO LTDA,07/01/2021,AVISTA,"0,00",CIF - Por Conta do Fornecedor
F10-401,MULTIAÇOS IND.COM.PRODUTOS TECNICOS LTDA,11/01/2021,30 / 45 / 60 DDL,"0,00",CIF - Por Conta do Fornecedor
F10-402,KENTUCKY INDÚSTRIA E COMÉRCIO EIRELI EPP,13/01/2021,30 / 45 DDL,"0,00",CIF - Por Conta do Fornecedor
F10-403,CURYFER,13/01/2021,28 / 35 / 42 DDL,"0,00",CIF - Por Conta do Fornecedor
F10-404,APERAM CAMPINAS - SERVICES & SOLUTIONS,14/01/2021,30 / 45 / 60 DDL,"0,00",CIF - Por Conta do Fornecedor
F10-405,JTR. Comercio de Sucatas (Metais Moisés),18/01/2021,AVISTA,"0,00",CIF - Por Conta do Fornecedor
F10-406,CURYFER,19/01/2021,28 / 35 / 42 DDL,"0,00",CIF - Por Conta do Fornecedor
F10-407,COPERFIL INDUSTRIA E COMERCIO DE PERFILADOS LTDA,19/01/2021,21 DDL,"0,00",CIF - Por Conta do Fornecedor
F10-408,APERAM CAMPINAS - SERVICES & SOLUTIONS,19/01/2021,30 DDL,"0,00",CIF - Por Conta do Fornecedor
F10-409,CURYFER,21/01/2021,28 / 35 / 42 DDL,"0,00",CIF - Por Conta do Fornecedor
F10-410,RHOFERAÇO Comercio de Ferro e Aço Ltda.,22/01/2021,AVISTA,"0,00",CIF - Por Conta do Fornecedor
F10-411,JTR. Comercio de Sucatas (Metais Moisés),28/01/2021,AVISTA,"0,00",CIF - Por Conta do Fornecedor
F10-412,MULTIAÇOS IND.COM.PRODUTOS TECNICOS LTDA,04/02/2021,30 / 45 / 60 DDL,"0,00",CIF - Por Conta do Fornecedor
F10-413,CURYFER,08/02/2021,30 / 45 / 60 DDL,"0,00",CIF - Por Conta do Fornecedor
F10-414,NOROAÇO COMERCIO DE FERRO E AÇO,08/02/2021,28 DDL,"0,00",CIF - Por Conta do Fornecedor
F10-415,MULTIAÇOS IND.COM.PRODUTOS TECNICOS LTDA,08/02/2021,AVISTA,"0,00",CIF - Por Conta do Fornecedor
F10-416,COPERFIL INDUSTRIA E COMERCIO DE PERFILADOS LTDA,11/02/2021,21 DDL,"0,00",CIF - Por Conta do Fornecedor
F10-417,CURYFER,12/02/2021,28 / 35 / 42 DDL,"0,00",CIF - Por Conta do Fornecedor
F10-418,CURYFER,16/02/2021,30 / 45 / 60 DDL,"0,00",CIF - Por Conta do Fornecedor
F10-419,CURYFER,18/02/2021,30 / 45 / 60 DDL,"0,00",CIF - Por Conta do Fornecedor
F10-420,MULTIAÇOS IND.COM.PRODUTOS TECNICOS LTDA,22/02/2021,30 / 45 / 60 DDL,"0,00",CIF - Por Conta do Fornecedor
F10-421,Jati-Serviços Comercio e Importação de Aço Ltda.,22/02/2021,30 / 45 / 60 DDL,"0,00",FOB - Por Conta do Comprador
F10-422,APERAM CAMPINAS - SERVICES & SOLUTIONS,25/02/2021,30 / 45 / 60 DDL,"0,00",CIF - Por Conta do Fornecedor
F10-423,COPERFIL INDUSTRIA E COMERCIO DE PERFILADOS LTDA,26/02/2021,28 DDL,"0,00",CIF - Por Conta do Fornecedor
F10-424,AÇOFERA,02/03/2021,AVISTA,"0,00",CIF - Por Conta do Fornecedor
F10-425,APERAM CAMPINAS - SERVICES & SOLUTIONS,03/03/2021,30 / 45 / 60 DDL,"0,00",CIF - Por Conta do Fornecedor
F10-426,TETRAFERRO LTDA,03/03/2021,28 / 42 / 56 DDL,"0,00",CIF - Por Conta do Fornecedor
F10-427,MANETONI DISTR DE PRODUTOS SID IMP E EXP LTDA,08/03/2021,30 / 45 / 60 DDL,"0,00",CIF - Por Conta do Fornecedor
F10-428,KLOECKNER METALS BRASIL SA,11/03/2021,28 / 42 / 56 DDL,"0,00",CIF - Por Conta do Fornecedor
F10-429,CURYFER,16/03/2021,30 / 45 / 60 DDL,"0,00",CIF - Por Conta do Fornecedor
F10-430,APERAM CAMPINAS - SERVICES & SOLUTIONS,23/03/2021,30 / 45 / 60 DDL,"0,00",CIF - Por Conta do Fornecedor
F10-431,APERAM CAMPINAS - SERVICES & SOLUTIONS,25/03/2021,30 / 45 / 60 DDL,"0,00",CIF - Por Conta do Fornecedor
F10-432,SHOCKMETAIS NÃO FERROSOS LTDA.,05/04/2021,28 DDL,"0,00",CIF - Por Conta do Fornecedor
F10-433,CENTURY COMERCIO DE TUBOS LTDA,05/04/2021,AVISTA,"0,00",FOB - Por Conta do Comprador
F10-434,TETRAFERRO LTDA,05/04/2021,28 / 42 / 56 DDL,"0,00",CIF - Por Conta do Fornecedor
F10-435,COPERFIL INDUSTRIA E COMERCIO DE PERFILADOS LTDA,06/04/2021,21 DDL,"0,00",CIF - Por Conta do Fornecedor
F10-436,APERAM CAMPINAS - SERVICES & SOLUTIONS,08/04/2021,30 / 45 / 60 DDL,"0,00",CIF - Por Conta do Fornecedor
F10-437,FAF - REPRESENTAÇÕES COMERCIAIS FERRO & AÇO,08/04/2021,AVISTA,"0,00",CIF - Por Conta do Fornecedor
F10-438,KENTUCKY INDÚSTRIA E COMÉRCIO EIRELI EPP,08/04/2021,28 DDL,"0,00",CIF - Por Conta do Fornecedor
F10-439,CURYFER,08/04/2021,28 / 42 / 56 DDL,"0,00",CIF - Por Conta do Fornecedor
F10-440,COPERFIL INDUSTRIA E COMERCIO DE PERFILADOS LTDA,08/04/2021,28 DDL,"0,00",CIF - Por Conta do Fornecedor
F10-441,COPERFIL INDUSTRIA E COMERCIO DE PERFILADOS LTDA,09/04/2021,21 DDL,"0,00",CIF - Por Conta do Fornecedor
F10-442,CURYFER,12/04/2021,30 / 45 / 60 DDL,"0,00",CIF - Por Conta do Fornecedor
F10-443,AÇOFERA,15/04/2021,AVISTA,"0,00",FOB - Por Conta do Comprador
F10-444,ANTONIO CARLOS CANOVA - ChapaS,15/04/2021,AVISTA,"0,00",CIF - Por Conta do Fornecedor
F10-445,CURYFER,23/04/2021,30 DDL,"0,00",CIF - Por Conta do Fornecedor
F10-446,CURYFER,26/04/2021,30 / 45 / 60 DDL,"0,00",CIF - Por Conta do Fornecedor
F10-447,CENTURY COMERCIO DE TUBOS LTDA,26/04/2021,AVISTA,"1.100,00",FOB - Por Conta do Comprador
F10-448,ELISEU ChapaS - ANTONIO ELISEU LAGRANHA,27/04/2021,AVISTA,"0,00",CIF - Por Conta do Fornecedor
F10-449,APERAM CAMPINAS - SERVICES & SOLUTIONS,28/04/2021,30 / 45 / 60 DDL,"0,00",CIF - Por Conta do Fornecedor
F10-450,APERAM CAMPINAS - SERVICES & SOLUTIONS,04/05/2021,30 / 45 / 60 DDL,"0,00",CIF - Por Conta do Fornecedor
F10-451,CURYFER,10/05/2021,30 / 45 / 60 DDL,"0,00",CIF - Por Conta do Fornecedor
F10-452,COPERFIL INDUSTRIA E COMERCIO DE PERFILADOS LTDA,12/05/2021,21 DDL,"0,00",CIF - Por Conta do Fornecedor
F10-453,CURYFER,24/05/2021,30 / 45 / 60 DDL,"0,00",CIF - Por Conta do Fornecedor
F10-454,RHOFERAÇO Comercio de Ferro e Aço Ltda.,25/05/2021,AVISTA,"0,00",CIF - Por Conta do Fornecedor
F10-455,APERAM CAMPINAS - SERVICES & SOLUTIONS,25/05/2021,30 / 45 / 60 DDL,"0,00",CIF - Por Conta do Fornecedor
F10-456,Soluções em Aço Usiminas S. A.,27/05/2021,30 DDL,"0,00",CIF - Por Conta do Fornecedor
F10-457,CURYFER,27/05/2021,AVISTA,"0,00",CIF - Por Conta do Fornecedor
F10-458,RHOFERAÇO Comercio de Ferro e Aço Ltda.,27/05/2021,AVISTA,"0,00",CIF - Por Conta do Fornecedor
F10-459,COPERFIL INDUSTRIA E COMERCIO DE PERFILADOS LTDA,28/05/2021,AVISTA,"0,00",CIF - Por Conta do Fornecedor
F10-460,ACO INOX AMERICANA,31/05/2021,AVISTA,"0,00",CIF - Por Conta do Fornecedor
F10-461,ANTONIO CARLOS CANOVA - ChapaS,31/05/2021,AVISTA,"0,00",CIF - Por Conta do Fornecedor
F10-462,APERAM CAMPINAS - SERVICES & SOLUTIONS,10/06/2021,30 / 45 / 60 DDL,"0,00",CIF - Por Conta do Fornecedor
F10-463,COPERFIL INDUSTRIA E COMERCIO DE PERFILADOS LTDA,14/06/2021,28 DDL,"0,00",CIF - Por Conta do Fornecedor
F10-464,ELISEU ChapaS - ANTONIO ELISEU LAGRANHA,14/06/2021,AVISTA,"0,00",CIF - Por Conta do Fornecedor
F10-465,CURYFER,17/06/2021,AVISTA,"0,00",CIF - Por Conta do Fornecedor
F10-466,MANETONI DISTR DE PRODUTOS SID IMP E EXP LTDA,22/06/2021,30 / 45 / 60 DDL,"0,00",CIF - Por Conta do Fornecedor
F10-467,M.P.S. Comercio de Materiais de Construcao e Sid. Ltda,22/06/2021,28 / 42 / 56 DDL,"0,00",CIF - Por Conta do Fornecedor
F10-468,MANETONI DISTR DE PRODUTOS SID IMP E EXP LTDA,24/06/2021,30 / 45 / 60 DDL,"0,00",CIF - Por Conta do Fornecedor
F10-469,FER-ALVAREZ PRODUTOS SIDERURGICOS INDUSTRIA E COMERCIO LTDA,25/06/2021,28 / 42 / 56 DDL,"0,00",CIF - Por Conta do Fornecedor
F10-470,COPERFIL INDUSTRIA E COMERCIO DE PERFILADOS LTDA,28/06/2021,28 DDL,"0,00",CIF - Por Conta do Fornecedor
F10-471,APERAM CAMPINAS - SERVICES & SOLUTIONS,29/06/2021,30 / 45 / 60 DDL,"0,00",CIF - Por Conta do Fornecedor
F10-472,FER-ALVAREZ PRODUTOS SIDERURGICOS INDUSTRIA E COMERCIO LTDA,02/07/2021,30 / 45 / 60 DDL,"0,00",CIF - Por Conta do Fornecedor
F10-473,CURYFER,02/07/2021,28 / 42 / 56 DDL,"0,00",CIF - Por Conta do Fornecedor
F10-474,KENTUCKY INDÚSTRIA E COMÉRCIO EIRELI EPP,13/07/2021,30 / 45 / 60 DDL,"0,00",CIF - Por Conta do Fornecedor
F10-475,AÇOFERA,13/07/2021,AVISTA,"0,00",CIF - Por Conta do Fornecedor
F10-476,COPERFIL INDUSTRIA E COMERCIO DE PERFILADOS LTDA,13/07/2021,28 DDL,"0,00",CIF - Por Conta do Fornecedor
F10-477,COPERFIL INDUSTRIA E COMERCIO DE PERFILADOS LTDA,15/07/2021,28 DDL,"0,00",CIF - Por Conta do Fornecedor
F10-478,APERAM CAMPINAS - SERVICES & SOLUTIONS,20/07/2021,30 / 45 / 60 DDL,"0,00",CIF - Por Conta do Fornecedor
F10-479,ArcelorMittal Brasil S.A - Rio das Pedras,21/07/2021,30 DDL,"0,00",CIF - Por Conta do Fornecedor
F10-480,APERAM CAMPINAS - SERVICES & SOLUTIONS,22/07/2021,30 DDL,"0,00",CIF - Por Conta do Fornecedor
F10-481,RHOFERAÇO Comercio de Ferro e Aço Ltda.,22/07/2021,28 / 42 / 56 DDL,"0,00",CIF - Por Conta do Fornecedor
F10-482,CURYFER,23/07/2021,30 / 45 / 60 DDL,"0,00",CIF - Por Conta do Fornecedor
F10-483,RHOFERAÇO Comercio de Ferro e Aço Ltda.,26/07/2021,AVISTA,"0,00",CIF - Por Conta do Fornecedor
F10-484,SHOCKMETAIS NÃO FERROSOS LTDA.,27/07/2021,30 / 45 / 60 DDL,"0,00",CIF - Por Conta do Fornecedor
F10-485,ANTONIO CARLOS CANOVA - ChapaS,28/07/2021,30 / 45 / 60 DDL,"0,00",CIF - Por Conta do Fornecedor
F10-486,EVANDIR LEDIS DE SOUZA - ME,02/08/2021,28 DDL,"0,00",FOB - Por Conta do Comprador
F10-487,TETRAFERRO LTDA,02/08/2021,30 / 45 / 60 DDL,"0,00",CIF - Por Conta do Fornecedor
F10-488,CURYFER,02/08/2021,AVISTA,"0,00",CIF - Por Conta do Fornecedor
F10-489,APERAM CAMPINAS - SERVICES & SOLUTIONS,10/08/2021,30 / 45 / 60 DDL,"0,00",CIF - Por Conta do Fornecedor
F10-490,CURYFER,10/08/2021,30 / 45 / 60 DDL,"0,00",CIF - Por Conta do Fornecedor
F10-491,COPERFIL INDUSTRIA E COMERCIO DE PERFILADOS LTDA,10/08/2021,28 DDL,"0,00",CIF - Por Conta do Fornecedor
F10-492,TETRAFERRO LTDA,12/08/2021,28 / 42 / 56 DDL,"0,00",CIF - Por Conta do Fornecedor
F10-493,APERAM CAMPINAS - SERVICES & SOLUTIONS,17/08/2021,30 / 45 / 60 DDL,"0,00",CIF - Por Conta do Fornecedor
F10-494,FER-ALVAREZ PRODUTOS SIDERURGICOS INDUSTRIA E COMERCIO LTDA,23/08/2021,28 / 42 / 56 DDL,"0,00",CIF - Por Conta do Fornecedor
F10-495,TETRAFERRO LTDA,25/08/2021,AVISTA,"0,00",CIF - Por Conta do Fornecedor
F10-496,COPERFIL INDUSTRIA E COMERCIO DE PERFILADOS LTDA,25/08/2021,28 DDL,"0,00",CIF - Por Conta do Fornecedor
F10-497,ELISEU ChapaS - ANTONIO ELISEU LAGRANHA,25/08/2021,AVISTA,"0,00",CIF - Por Conta do Fornecedor
F10-498,ANTONIO CARLOS CANOVA - ChapaS,25/08/2021,AVISTA,"0,00",CIF - Por Conta do Fornecedor
F10-499,ArcelorMittal Brasil S.A - Piracicaba,23/08/2021,AVISTA,"0,00",CIF - Por Conta do Fornecedor
F10-500,APERAM CAMPINAS - SERVICES & SOLUTIONS,26/08/2021,AVISTA,"0,00",CIF - Por Conta do Fornecedor
F10-501,KENTUCKY INDÚSTRIA E COMÉRCIO EIRELI EPP,26/08/2021,30 / 45 / 60 DDL,"0,00",CIF - Por Conta do Fornecedor
F10-502,COPERFIL INDUSTRIA E COMERCIO DE PERFILADOS LTDA,03/09/2021,28 DDL,"0,00",CIF - Por Conta do Fornecedor
F10-503,CURYFER,08/09/2021,AVISTA,"0,00",CIF - Por Conta do Fornecedor
F10-504,ELISEU ChapaS - ANTONIO ELISEU LAGRANHA,10/09/2021,AVISTA,"0,00",CIF - Por Conta do Fornecedor
F10-505,CURYFER,10/09/2021,28 / 35 / 42 DDL,"0,00",CIF - Por Conta do Fornecedor
F10-506,FER-ALVAREZ PRODUTOS SIDERURGICOS INDUSTRIA E COMERCIO LTDA,15/09/2021,28 / 42 / 56 DDL,"0,00",CIF - Por Conta do Fornecedor
F10-507,ArcelorMittal Brasil S.A - Piracicaba,16/09/2021,AVISTA,"0,00",CIF - Por Conta do Fornecedor
F10-508,CURYFER,22/09/2021,30 / 45 / 60 DDL,"0,00",CIF - Por Conta do Fornecedor
F10-509,APERAM CAMPINAS - SERVICES & SOLUTIONS,22/09/2021,AVISTA,"0,00",CIF - Por Conta do Fornecedor
F10-510,COPERFIL INDUSTRIA E COMERCIO DE PERFILADOS LTDA,27/09/2021,28 DDL,"0,00",CIF - Por Conta do Fornecedor
F10-511,APERAM CAMPINAS - SERVICES & SOLUTIONS,28/09/2021,30 / 45 / 60 DDL,"0,00",CIF - Por Conta do Fornecedor
F10-512,ANTONIO CARLOS CANOVA - ChapaS,01/10/2021,AVISTA,"0,00",CIF - Por Conta do Fornecedor
F10-513,APERAM CAMPINAS - SERVICES & SOLUTIONS,04/10/2021,30 / 45 / 60 DDL,"0,00",CIF - Por Conta do Fornecedor
F10-514,MANETONI DISTR DE PRODUTOS SID IMP E EXP LTDA,05/10/2021,28 DDL,"0,00",CIF - Por Conta do Fornecedor
F10-515,ANTONIO CARLOS CANOVA - ChapaS,15/10/2021,AVISTA,"0,00",CIF - Por Conta do Fornecedor
F10-516,COPERFIL INDUSTRIA E COMERCIO DE PERFILADOS LTDA,18/10/2021,28 DDL,"0,00",CIF - Por Conta do Fornecedor
F10-517,Jati-Serviços Comercio e Importação de Aço Ltda.,06/10/2021,30 / 45 / 60 DDL,"0,00",FOB - Por Conta do Comprador
F10-518,M.P.S. Comercio de Materiais de Construcao e Sid. Ltda,28/10/2021,30 / 40 / 50 / 60 DDL,"0,00",CIF - Por Conta do Fornecedor
F10-519,ArcelorMittal Brasil S.A - Rio das Pedras,28/10/2021,AVISTA,"0,00",CIF - Por Conta do Fornecedor
F10-520,APERAM CAMPINAS - SERVICES & SOLUTIONS,27/10/2021,AVISTA,"0,00",CIF - Por Conta do Fornecedor
F10-521,APERAM CAMPINAS - SERVICES & SOLUTIONS,03/10/2021,AVISTA,"0,00",CIF - Por Conta do Fornecedor
F10-522,COPERFIL INDUSTRIA E COMERCIO DE PERFILADOS LTDA,09/11/2021,28 DDL,"0,00",CIF - Por Conta do Fornecedor
F10-523,KENTUCKY INDÚSTRIA E COMÉRCIO EIRELI EPP,11/11/2021,30 / 45 / 60 DDL,"0,00",CIF - Por Conta do Fornecedor
F10-524,Jati-Serviços Comercio e Importação de Aço Ltda.,09/11/2021,28 / 56 DDL,"0,00",CIF - Por Conta do Fornecedor
F10-525,APERAM CAMPINAS - SERVICES & SOLUTIONS,23/11/2021,30 / 45 / 60 DDL,"0,00",CIF - Por Conta do Fornecedor
F10-526,ELISEU ChapaS - ANTONIO ELISEU LAGRANHA,24/11/2021,AVISTA,"0,00",CIF - Por Conta do Fornecedor
F10-527,KENTUCKY INDÚSTRIA E COMÉRCIO EIRELI EPP,25/11/2021,30 / 40 / 50 / 60 DDL,"0,00",CIF - Por Conta do Fornecedor
F10-528,APERAM CAMPINAS - SERVICES & SOLUTIONS,26/11/2021,30 / 45 / 60 DDL,"0,00",CIF - Por Conta do Fornecedor
F10-529,EVANDIR LEDIS DE SOUZA - ME,02/12/2021,28 / 35 / 42 DDL,"0,00",CIF - Por Conta do Fornecedor
F10-530,COPERFIL INDUSTRIA E COMERCIO DE PERFILADOS LTDA,03/12/2021,28 DDL,"0,00",CIF - Por Conta do Fornecedor
F10-531,APERAM CAMPINAS - SERVICES & SOLUTIONS,02/12/2021,30 / 45 / 60 DDL,"0,00",CIF - Por Conta do Fornecedor
F10-532,TETRAFERRO LTDA,06/12/2021,AVISTA,"0,00",CIF - Por Conta do Fornecedor
F10-533,ELISEU ChapaS - ANTONIO ELISEU LAGRANHA,08/12/2021,AVISTA,"0,00",CIF - Por Conta do Fornecedor
F10-534,COPERFIL INDUSTRIA E COMERCIO DE PERFILADOS LTDA,10/12/2021,7 / 14 / 21 DDL,"0,00",CIF - Por Conta do Fornecedor
F10-535,MANETONI DISTR DE PRODUTOS SID IMP E EXP LTDA,10/12/2021,30 / 45 / 60 DDL,"0,00",CIF - Por Conta do Fornecedor
F10-536,FER-ALVAREZ PRODUTOS SIDERURGICOS INDUSTRIA E COMERCIO LTDA,07/12/2021,28 / 42 / 56 DDL,"0,00",CIF - Por Conta do Fornecedor
F10-537,SO METAIS COMERCIO DE METAIS LTDA,08/12/2021,28 / 35 / 42 DDL,"0,00",CIF - Por Conta do Fornecedor
F10-538,COPERFIL INDUSTRIA E COMERCIO DE PERFILADOS LTDA,10/12/2021,7 / 14 / 21 DDL,"0,00",CIF - Por Conta do Fornecedor
F10-539,COPERFIL INDUSTRIA E COMERCIO DE PERFILADOS LTDA,14/12/2021,7 / 14 / 21 DDL,"0,00",CIF - Por Conta do Fornecedor
F10-540,APERAM CAMPINAS - SERVICES & SOLUTIONS,15/12/2021,30 / 45 / 60 DDL,"0,00",CIF - Por Conta do Fornecedor
F10-541,COMERCIAL NORTE SUL,15/12/2021,AVISTA,"0,00",CIF - Por Conta do Fornecedor
F10-542,ArcelorMittal Brasil S.A - Rio das Pedras,15/12/2021,30 / 45 / 60 DDL,"0,00",CIF - Por Conta do Fornecedor
F10-543,APERAM CAMPINAS - SERVICES & SOLUTIONS,30/12/2021,30 / 45 / 60 DDL,"0,00",CIF - Por Conta do Fornecedor
F10-544,APERAM CAMPINAS - SERVICES & SOLUTIONS,30/12/2021,30 / 45 / 60 DDL,"0,00",CIF - Por Conta do Fornecedor
F10-545,APERAM CAMPINAS - SERVICES & SOLUTIONS,30/12/2021,30 / 45 / 60 DDL,"0,00",CIF - Por Conta do Fornecedor
F10-546,APERAM CAMPINAS - SERVICES & SOLUTIONS,07/12/2021,AVISTA,"0,00",CIF - Por Conta do Fornecedor
F10-547,COPERFIL INDUSTRIA E COMERCIO DE PERFILADOS LTDA,04/01/2022,28 DDL,"0,00",CIF - Por Conta do Fornecedor
F10-548,ELISEU CHAPAS - ANTONIO ELISEU LAGRANHA,06/01/2022,AVISTA,"0,00",CIF - Por Conta do Fornecedor
F10-549,COPERFIL INDUSTRIA E COMERCIO DE PERFILADOS LTDA,05/01/2022,28 DDL,"0,00",CIF - Por Conta do Fornecedor
F10-550,M.P.S. Comercio de Materiais de Construcao e Sid. Ltda,11/01/2022,30 / 40 / 50 / 60 DDL,"0,00",CIF - Por Conta do Fornecedor
F10-551,APERAM CAMPINAS - SERVICES & SOLUTIONS,17/01/2022,30 / 45 / 60 DDL,"0,00",CIF - Por Conta do Fornecedor
F10-552,M.P.S. Comercio de Materiais de Construcao e Sid. Ltda,19/01/2022,30 / 45 / 60 DDL,"0,00",CIF - Por Conta do Fornecedor
F10-553,ELISEU CHAPAS - ANTONIO ELISEU LAGRANHA,17/01/2022,AVISTA,"0,00",CIF - Por Conta do Fornecedor
F10-554,MANETONI DISTR DE PRODUTOS SID IMP E EXP LTDA,11/01/2022,30 / 40 / 50 / 60 DDL,"0,00",CIF - Por Conta do Fornecedor
F10-555,APERAM CAMPINAS - SERVICES & SOLUTIONS,11/01/2022,AVISTA,"0,00",CIF - Por Conta do Fornecedor
F10-556,APERAM CAMPINAS - SERVICES & SOLUTIONS,21/01/2022,30 / 45 / 60 DDL,"0,00",CIF - Por Conta do Fornecedor
F10-557,COPERFIL INDUSTRIA E COMERCIO DE PERFILADOS LTDA,24/01/2022,28 DDL,"0,00",CIF - Por Conta do Fornecedor
F10-558,KENTUCKY INDÚSTRIA E COMÉRCIO EIRELI EPP,26/01/2022,30 / 45 / 60 DDL,"0,00",CIF - Por Conta do Fornecedor
F10-559,JTR. Comercio de Sucatas (Metais Moisés),03/02/2022,AVISTA,"0,00",CIF - Por Conta do Fornecedor
F10-560,MANETONI DISTR DE PRODUTOS SID IMP E EXP LTDA,02/02/2022,AVISTA,"0,00",CIF - Por Conta do Fornecedor
F10-561,KLOECKNER METALS BRASIL SA,03/02/2022,28 / 42 / 56 DDL,"0,00",CIF - Por Conta do Fornecedor
F10-562,M.P.S. Comercio de Materiais de Construcao e Sid. Ltda,09/02/2022,30 / 40 / 50 / 60 DDL,"0,00",CIF - Por Conta do Fornecedor
F10-563,APERAM CAMPINAS - SERVICES & SOLUTIONS,14/02/2022,30 / 45 / 60 DDL,"0,00",CIF - Por Conta do Fornecedor
F10-564,ACOS MALTA LTDA,14/02/2022,AVISTA,"0,00",CIF - Por Conta do Fornecedor
F10-565,CURYFER,16/02/2022,30 / 45 / 60 DDL,"0,00",CIF - Por Conta do Fornecedor
F10-566,ELISEU CHAPAS - ANTONIO ELISEU LAGRANHA,17/02/2022,AVISTA,"0,00",CIF - Por Conta do Fornecedor
F10-567,ArcelorMittal Brasil S.A - Rio das Pedras,18/02/2022,30 / 45 / 60 DDL,"0,00",CIF - Por Conta do Fornecedor
F10-568,M.P.S. Comercio de Materiais de Construcao e Sid. Ltda,21/02/2022,30 / 45 / 60 DDL,"0,00",CIF - Por Conta do Fornecedor
F10-569,COPERFIL INDUSTRIA E COMERCIO DE PERFILADOS LTDA,21/02/2022,28 DDL,"0,00",CIF - Por Conta do Fornecedor
F10-570,APERAM CAMPINAS - SERVICES & SOLUTIONS,28/02/2022,AVISTA,"0,00",CIF - Por Conta do Fornecedor
F10-571,ELISEU CHAPAS - ANTONIO ELISEU LAGRANHA,04/03/2022,AVISTA,"0,00",CIF - Por Conta do Fornecedor
F10-572,M.P.S. Comercio de Materiais de Construcao e Sid. Ltda,04/03/2022,30 / 40 / 50 / 60 DDL,"0,00",CIF - Por Conta do Fornecedor
F10-573,APERAM CAMPINAS - SERVICES & SOLUTIONS,09/03/2022,AVISTA,"0,00",CIF - Por Conta do Fornecedor
F10-574,COPERFIL INDUSTRIA E COMERCIO DE PERFILADOS LTDA,11/03/2022,14 DDL,"0,00",CIF - Por Conta do Fornecedor
F10-575,APERAM CAMPINAS - SERVICES & SOLUTIONS,24/03/2022,AVISTA,"0,00",CIF - Por Conta do Fornecedor
F10-576,COPERFIL INDUSTRIA E COMERCIO DE PERFILADOS LTDA,24/03/2022,28 DDL,"0,00",CIF - Por Conta do Fornecedor
F10-577,COPERFIL INDUSTRIA E COMERCIO DE PERFILADOS LTDA,19/04/2022,28 DDL,"0,00",CIF - Por Conta do Fornecedor
F10-578,APERAM CAMPINAS - SERVICES & SOLUTIONS,19/04/2022,30 / 45 / 60 DDL,"0,00",CIF - Por Conta do Fornecedor
F10-579,MANETONI DISTR DE PRODUTOS SID IMP E EXP LTDA,12/04/2022,AVISTA,"0,00",CIF - Por Conta do Fornecedor
F10-580,TETRAFERRO LTDA,18/04/2022,AVISTA,"0,00",CIF - Por Conta do Fornecedor
F10-581,ELISEU CHAPAS - ANTONIO ELISEU LAGRANHA,25/04/2022,AVISTA,"0,00",CIF - Por Conta do Fornecedor
F10-582,FER-ALVAREZ PRODUTOS SIDERURGICOS INDUSTRIA E COMERCIO LTDA,02/05/2022,28 / 35 / 42 DDL,"0,00",CIF - Por Conta do Fornecedor
F10-583,TETRAFERRO LTDA,02/05/2022,28 / 35 / 42 DDL,"0,00",CIF - Por Conta do Fornecedor
F10-584,ELISEU CHAPAS - ANTONIO ELISEU LAGRANHA,02/05/2022,AVISTA,"0,00",CIF - Por Conta do Fornecedor
F10-585,Jefer Produtos Siderúrgicos Eireli,02/05/2022,28 / 35 / 42 DDL,"0,00",CIF - Por Conta do Fornecedor
F10-586,Jefer Produtos Siderúrgicos Eireli,03/05/2022,28 / 42 / 56 DDL,"0,00",CIF - Por Conta do Fornecedor
F10-587,COPERFIL INDUSTRIA E COMERCIO DE PERFILADOS LTDA,04/05/2022,28 DDL,"0,00",CIF - Por Conta do Fornecedor
F10-588,CURYFER,04/05/2022,28 / 35 / 42 DDL,"0,00",CIF - Por Conta do Fornecedor
F10-589,CURYFER,06/05/2022,28 / 35 / 42 DDL,"0,00",CIF - Por Conta do Fornecedor
F10-590,Jefer Produtos Siderúrgicos Eireli,09/05/2022,28 / 35 / 42 DDL,"0,00",CIF - Por Conta do Fornecedor
F10-591,CURYFER,11/05/2022,28 / 35 / 42 DDL,"0,00",CIF - Por Conta do Fornecedor
F10-592,Jefer Produtos Siderúrgicos Eireli,12/05/2022,28 / 35 / 42 DDL,"0,00",CIF - Por Conta do Fornecedor
F10-593,ELISEU CHAPAS - ANTONIO ELISEU LAGRANHA,20/05/2022,AVISTA,"0,00",CIF - Por Conta do Fornecedor
F10-594,CURYFER,23/05/2022,30 / 40 / 50 / 60 DDL,"0,00",CIF - Por Conta do Fornecedor
F10-595,APERAM CAMPINAS - SERVICES & SOLUTIONS,31/05/2022,28 / 35 / 42 DDL,"0,00",CIF - Por Conta do Fornecedor
F10-596,APERAM CAMPINAS - SERVICES & SOLUTIONS,31/05/2022,28 / 35 / 42 DDL,"0,00",CIF - Por Conta do Fornecedor
F10-597,APERAM CAMPINAS - SERVICES & SOLUTIONS,03/06/2022,28 / 35 / 42 DDL,"0,00",CIF - Por Conta do Fornecedor
F10-598,ELISEU CHAPAS - ANTONIO ELISEU LAGRANHA,07/06/2022,AVISTA,"0,00",CIF - Por Conta do Fornecedor
F10-599,ELISEU CHAPAS - ANTONIO ELISEU LAGRANHA,09/06/2022,AVISTA,"0,00",CIF - Por Conta do Fornecedor
F10-600,COPERFIL INDUSTRIA E COMERCIO DE PERFILADOS LTDA,10/06/2022,28 DDL,"0,00",CIF - Por Conta do Fornecedor
F10-601,CURYFER,10/06/2022,28 / 35 / 42 DDL,"0,00",CIF - Por Conta do Fornecedor
F10-602,APERAM CAMPINAS - SERVICES & SOLUTIONS,13/06/2022,28 / 35 / 42 DDL,"0,00",CIF - Por Conta do Fornecedor
F10-603,MMS MULTIAÇOS METAIS E SERVIÇOS LTDA,21/06/2022,AVISTA,"0,00",CIF - Por Conta do Fornecedor
F10-604,ELISEU CHAPAS - ANTONIO ELISEU LAGRANHA,22/06/2022,AVISTA,"0,00",CIF - Por Conta do Fornecedor
F10-605,APERAM CAMPINAS - SERVICES & SOLUTIONS,22/06/2022,AVISTA,"0,00",CIF - Por Conta do Fornecedor
F10-606,MANETONI DISTR DE PRODUTOS SID IMP E EXP LTDA,22/06/2022,AVISTA,"0,00",CIF - Por Conta do Fornecedor
F10-607,INTERINOX COMERCIO DE METAIS LTDA,27/06/2022,AVISTA,"0,00",CIF - Por Conta do Fornecedor
F10-608,FER-ALVAREZ PRODUTOS SIDERURGICOS INDUSTRIA E COMERCIO LTDA,28/06/2022,28 / 35 / 42 DDL,"0,00",CIF - Por Conta do Fornecedor
F10-609,KLOECKNER METALS BRASIL SA,30/06/2022,28 / 35 / 42 DDL,"0,00",CIF - Por Conta do Fornecedor
F10-610,ELISEU CHAPAS - ANTONIO ELISEU LAGRANHA,07/07/2022,AVISTA,"0,00",CIF - Por Conta do Fornecedor
F10-611,M.P.S. Comercio de Materiais de Construcao e Sid. Ltda,12/07/2022,28 / 35 / 42 DDL,"0,00",CIF - Por Conta do Fornecedor
F10-612,MANETONI DISTR DE PRODUTOS SID IMP E EXP LTDA,12/07/2022,AVISTA,"0,00",CIF - Por Conta do Fornecedor
F10-613,COPERFIL INDUSTRIA E COMERCIO DE PERFILADOS LTDA,13/07/2022,28 DDL,"0,00",CIF - Por Conta do Fornecedor
F10-614,TETRAFERRO LTDA,13/07/2022,AVISTA,"0,00",CIF - Por Conta do Fornecedor
F10-615,COPERFIL INDUSTRIA E COMERCIO DE PERFILADOS LTDA,18/07/2022,28 DDL,"0,00",CIF - Por Conta do Fornecedor
F10-616,CURYFER,18/07/2022,28 / 35 / 42 DDL,"0,00",CIF - Por Conta do Fornecedor
F10-617,Jefer Produtos Siderúrgicos Eireli,22/07/2022,,"0,00",CIF - Por Conta do Fornecedor
F10-618,M.P.S. Comercio de Materiais de Construcao e Sid. Ltda,22/07/2022,28 / 35 / 42 DDL,"0,00",CIF - Por Conta do Fornecedor
F10-619,Silfer Produtos Siderúrgicos,22/07/2022,AVISTA,"0,00",CIF - Por Conta do Fornecedor
F10-620,APERAM CAMPINAS - SERVICES & SOLUTIONS,28/07/2022,AVISTA,"0,00",CIF - Por Conta do Fornecedor
F10-621,SO METAIS COMERCIO DE METAIS LTDA,02/08/2022,28 / 35 / 42 DDL,"0,00",CIF - Por Conta do Fornecedor
F10-622,TETRAFERRO LTDA,05/08/2022,AVISTA,"0,00",CIF - Por Conta do Fornecedor
F10-623,Jefer Produtos Siderúrgicos Eireli,11/08/2022,,"0,00",CIF - Por Conta do Fornecedor
F10-624,FER-ALVAREZ PRODUTOS SIDERURGICOS INDUSTRIA E COMERCIO LTDA,12/08/2022,28 / 35 / 42 DDL,"0,00",CIF - Por Conta do Fornecedor
F10-625,APERAM CAMPINAS - SERVICES & SOLUTIONS,17/08/2022,28 / 35 / 42 DDL,"0,00",CIF - Por Conta do Fornecedor
F10-626,CURYFER,19/08/2022,28 / 42 / 56 DDL,"0,00",CIF - Por Conta do Fornecedor
F10-627,ELISEU CHAPAS - ANTONIO ELISEU LAGRANHA,23/08/2022,AVISTA,"0,00",CIF - Por Conta do Fornecedor
F10-628,AÇOFERA,23/08/2022,AVISTA,"0,00",FOB - Por Conta do Comprador
F10-629,CURYFER,24/08/2022,28 / 35 / 42 DDL,"0,00",CIF - Por Conta do Fornecedor
F10-630,M.P.S. Comercio de Materiais de Construcao e Sid. Ltda,25/08/2022,28 / 35 / 42 DDL,"0,00",CIF - Por Conta do Fornecedor
F10-631,KENTUCKY INDÚSTRIA E COMÉRCIO EIRELI EPP,25/08/2022,28 / 35 / 42 DDL,"0,00",CIF - Por Conta do Fornecedor
F10-632,ELINOX CENTRAL DE ACO INOXIDAVEL LTDA,25/08/2022,AVISTA,"0,00",CIF - Por Conta do Fornecedor
F10-633,Silfer Produtos Siderúrgicos,25/08/2022,AVISTA,"0,00",CIF - Por Conta do Fornecedor
F10-634,Lansa Ferro e Aco Ltda,25/08/2022,28 / 35 / 42 DDL,"0,00",CIF - Por Conta do Fornecedor
F10-635,Silfer Produtos Siderúrgicos,31/08/2022,7 DDL,"0,00",CIF - Por Conta do Fornecedor
F10-636,Silfer Produtos Siderúrgicos,05/09/2022,28 / 35 / 42 DDL,"0,00",CIF - Por Conta do Fornecedor
F10-637,CURYFER,09/09/2022,28 / 35 / 42 DDL,"0,00",CIF - Por Conta do Fornecedor
F10-638,KLOECKNER METALS BRASIL SA,09/09/2022,28 / 35 / 42 DDL,"0,00",CIF - Por Conta do Fornecedor
F10-639,Silfer Produtos Siderúrgicos,12/09/2022,28 DDL,"0,00",CIF - Por Conta do Fornecedor
F10-640,Lansa Ferro e Aco Ltda,14/09/2022,28 / 35 / 42 DDL,"0,00",CIF - Por Conta do Fornecedor
F10-641,AÇOFERA,19/09/2022,AVISTA,"0,00",CIF - Por Conta do Fornecedor
F10-642,TELASHOP IND. E COMERC. DE TELAS LTDA,19/09/2022,28 DDL,"0,00",CIF - Por Conta do Fornecedor
F10-643,VEM DO ACO INDUSTRIA E COMERCIO LTDA,23/09/2022,AVISTA,"0,00",CIF - Por Conta do Fornecedor
F10-644,KENTUCKY INDÚSTRIA E COMÉRCIO EIRELI EPP,22/09/2022,28 / 35 / 42 DDL,"0,00",CIF - Por Conta do Fornecedor
F10-645,MALTA MINAS INDUSTRIAL LTDA,27/09/2022,AVISTA,"0,00",FOB - Por Conta do Comprador
F10-646,Silfer Produtos Siderúrgicos,27/09/2022,28 DDL,"0,00",CIF - Por Conta do Fornecedor
F10-647,APERAM CAMPINAS - SERVICES & SOLUTIONS,28/09/2022,28 / 42 / 56 DDL,"0,00",CIF - Por Conta do Fornecedor
F10-648,COPERFIL INDUSTRIA E COMERCIO DE PERFILADOS LTDA,29/09/2022,28 DDL,"0,00",CIF - Por Conta do Fornecedor
F10-649,MANETONI DISTR DE PRODUTOS SID IMP E EXP LTDA,29/09/2022,28 / 35 / 42 DDL,"0,00",CIF - Por Conta do Fornecedor
F10-650,CARTHOM S ELETRO METALURGICA LTDA,29/09/2022,AVISTA,"0,00",FOB - Por Conta do Comprador
F10-651,Lansa Ferro e Aco Ltda,29/09/2022,28 / 35 / 42 DDL,"0,00",CIF - Por Conta do Fornecedor
F10-652,Lansa Ferro e Aco Ltda,04/10/2022,,,
F10-653,COMERCIAL GERDAU,05/10/2022,,,
F10-654,COPERFIL INDUSTRIA E COMERCIO DE PERFILADOS LTDA,05/10/2022,28 DDL,"0,00",CIF - Por Conta do Fornecedor
F10-655,Silfer Produtos Siderúrgicos,05/10/2022,28 DDL,"0,00",CIF - Por Conta do Fornecedor
F10-656,COPERFIL INDUSTRIA E COMERCIO DE PERFILADOS LTDA,11/10/2022,28 DDL,"0,00",CIF - Por Conta do Fornecedor
F10-657,Lansa Ferro e Aco Ltda,11/10/2022,28 / 35 / 42 DDL,"0,00",CIF - Por Conta do Fornecedor
F10-658,Jefer Produtos Siderúrgicos Eireli,13/10/2022,28 / 35 / 42 DDL,"0,00",CIF - Por Conta do Fornecedor
F10-659,ArcelorMittal Brasil S.A - Rio das Pedras,13/10/2022,30 / 40 / 50 / 60 DDL,"0,00",CIF - Por Conta do Fornecedor
F10-660,FER-ALVAREZ PRODUTOS SIDERURGICOS INDUSTRIA E COMERCIO LTDA,15/10/2022,28 / 42 / 56 DDL,"0,00",CIF - Por Conta do Fornecedor
F10-661,COPERFIL INDUSTRIA E COMERCIO DE PERFILADOS LTDA,17/10/2022,28 DDL,"0,00",CIF - Por Conta do Fornecedor
F10-662,ArcelorMittal Brasil S.A - Rio das Pedras,18/10/2022,30 / 40 / 50 / 60 DDL,"0,00",CIF - Por Conta do Fornecedor
F10-663,Jefer Produtos Siderúrgicos Eireli,22/10/2022,28 / 35 / 42 DDL,"0,00",CIF - Por Conta do Fornecedor
F10-664,EXCEL DIST DE PRODUTOS SIDERURGICOS LTDA,24/10/2022,AVISTA,"0,00",FOB - Por Conta do Comprador
F10-665,Silfer Produtos Siderúrgicos,24/10/2022,7 DDL,"0,00",CIF - Por Conta do Fornecedor
F10-666,Silfer Produtos Siderúrgicos,24/10/2022,7 DDL,"0,00",CIF - Por Conta do Fornecedor
F10-667,COMERCIAL GERDAU,25/10/2022,28 / 42 / 56 DDL,"0,00",CIF - Por Conta do Fornecedor
F10-668,COMERCIAL GERDAU,27/10/2022,28 / 35 / 42 DDL,"0,00",CIF - Por Conta do Fornecedor
F10-669,NOROAÇO COMERCIO DE FERRO E AÇO,27/10/2022,AVISTA,"0,00",CIF - Por Conta do Fornecedor
F10-670,ArcelorMittal Brasil S.A - Rio das Pedras,29/10/2022,30 / 40 / 50 / 60 DDL,"0,00",CIF - Por Conta do Fornecedor
F10-671,Jefer Produtos Siderúrgicos Eireli,05/11/2022,28 / 35 / 42 DDL,"0,00",CIF - Por Conta do Fornecedor
F10-672,CURYFER,08/11/2022,30 / 40 / 50 / 60 DDL,"0,00",CIF - Por Conta do Fornecedor
F10-673,COMERCIAL GERDAU,09/11/2022,28 / 35 / 42 DDL,"0,00",CIF - Por Conta do Fornecedor
F10-674,Silfer Produtos Siderúrgicos,09/11/2022,28 DDL,"0,00",CIF - Por Conta do Fornecedor
F10-675,TELASHOP IND. E COMERC. DE TELAS LTDA,09/11/2022,AVISTA,"0,00",CIF - Por Conta do Fornecedor
F10-676,Silfer Produtos Siderúrgicos,14/11/2022,28 DDL,"0,00",CIF - Por Conta do Fornecedor
F10-677,APERAM CAMPINAS - SERVICES & SOLUTIONS,14/11/2022,AVISTA,"0,00",CIF - Por Conta do Fornecedor
F10-678,Lansa Ferro e Aco Ltda,16/11/2022,28 / 35 / 42 DDL,"0,00",CIF - Por Conta do Fornecedor
F10-679,COMERCIAL GERDAU,30/11/2022,28 / 35 / 42 DDL,"0,00",CIF - Por Conta do Fornecedor
F10-680,ACOFER INDUSTRIA E COMERCIO LTDA,30/11/2022,AVISTA,"0,00",CIF - Por Conta do Fornecedor
F10-681,APERAM CAMPINAS - SERVICES & SOLUTIONS,30/11/2022,AVISTA,"0,00",CIF - Por Conta do Fornecedor
F10-682,Silfer Produtos Siderúrgicos,05/12/2022,28 DDL,"0,00",CIF - Por Conta do Fornecedor
F10-683,COPERFIL INDUSTRIA E COMERCIO DE PERFILADOS LTDA,06/12/2022,28 DDL,"0,00",CIF - Por Conta do Fornecedor
F10-684,CURYFER,07/12/2022,30 / 40 / 50 / 60 DDL,"0,00",CIF - Por Conta do Fornecedor
F10-685,M.P.S. Comercio de Materiais de Construcao e Sid. Ltda,14/12/2022,30 / 40 / 50 / 60 DDL,"0,00",CIF - Por Conta do Fornecedor
F10-686,M.P.S. Comercio de Materiais de Construcao e Sid. Ltda,19/12/2022,30 / 40 / 50 / 60 DDL,"0,00",CIF - Por Conta do Fornecedor
F10-687,APERAM CAMPINAS - SERVICES & SOLUTIONS,19/12/2022,AVISTA,"0,00",CIF - Por Conta do Fornecedor
F10-688,Silfer Produtos Siderúrgicos,16/01/2023,7 DDL,"0,00",CIF - Por Conta do Fornecedor
F10-689,COMERCIAL GERDAU,18/01/2023,28 / 42 / 56 DDL,"0,00",CIF - Por Conta do Fornecedor
F10-690,CURYFER,19/01/2023,30 / 40 / 50 / 60 DDL,"0,00",CIF - Por Conta do Fornecedor
F10-691,Jefer Produtos Siderúrgicos Eireli,24/01/2023,28 / 35 / 42 DDL,"0,00",CIF - Por Conta do Fornecedor
F10-692,Jefer Produtos Siderúrgicos Eireli,24/01/2023,AVISTA,"0,00",CIF - Por Conta do Fornecedor
F10-693,CURYFER,24/01/2023,28 / 35 / 42 DDL,"0,00",CIF - Por Conta do Fornecedor
F10-694,KENTUCKY INDÚSTRIA E COMÉRCIO EIRELI EPP,26/01/2023,28 / 35 / 42 DDL,"0,00",CIF - Por Conta do Fornecedor
F10-695,CURYFER,31/01/2023,28 / 35 / 42 DDL,"0,00",CIF - Por Conta do Fornecedor
F10-696,CURYFER,03/02/2023,28 / 35 / 42 DDL,"0,00",CIF - Por Conta do Fornecedor
F10-697,COMERCIAL GERDAU,04/02/2023,28 DDL,"0,00",CIF - Por Conta do Fornecedor
F10-698,EXCEL DIST DE PRODUTOS SIDERURGICOS LTDA,08/02/2023,AVISTA,"0,00",CIF - Por Conta do Fornecedor
F10-699,KENTUCKY INDÚSTRIA E COMÉRCIO EIRELI EPP,08/02/2023,28 / 35 / 42 DDL,"0,00",CIF - Por Conta do Fornecedor
F10-700,COPERFIL INDUSTRIA E COMERCIO DE PERFILADOS LTDA,22/02/2023,28 DDL,"0,00",CIF - Por Conta do Fornecedor
F10-701,APERAM CAMPINAS - SERVICES & SOLUTIONS,22/02/2023,AVISTA,"0,00",CIF - Por Conta do Fornecedor
F10-702,APERAM CAMPINAS - SERVICES & SOLUTIONS,22/02/2023,AVISTA,"0,00",CIF - Por Conta do Fornecedor
F10-703,ELISEU CHAPAS - ANTONIO ELISEU LAGRANHA,09/03/2023,AVISTA,"0,00",CIF - Por Conta do Fornecedor
F10-704,CURYFER,16/03/2023,AVISTA,"0,00",CIF - Por Conta do Fornecedor
F10-705,CURYFER,16/03/2023,28 / 35 / 42 DDL,"0,00",CIF - Por Conta do Fornecedor
F10-706,SSAB SC,16/03/2023,AVISTA,"0,00",CIF - Por Conta do Fornecedor
F10-707,Soufer Industrial LTDA - Cambuí 1,16/03/2023,28 / 35 / 42 DDL,"0,00",CIF - Por Conta do Fornecedor
F10-708,APERAM CAMPINAS - SERVICES & SOLUTIONS,20/03/2023,AVISTA,"0,00",CIF - Por Conta do Fornecedor
F10-709,APERAM CAMPINAS - SERVICES & SOLUTIONS,20/03/2023,AVISTA,"0,00",CIF - Por Conta do Fornecedor
F10-710,COPERFIL INDUSTRIA E COMERCIO DE PERFILADOS LTDA,28/03/2023,28 DDL,"0,00",CIF - Por Conta do Fornecedor
F10-711,Soufer Industrial LTDA - Cambuí 1,29/03/2023,28 / 35 / 42 DDL,"0,00",CIF - Por Conta do Fornecedor
F10-712,APERAM CAMPINAS - SERVICES & SOLUTIONS,30/03/2023,AVISTA,"0,00",CIF - Por Conta do Fornecedor
F10-713,CURYFER,31/03/2023,30 / 40 / 50 / 60 DDL,"0,00",CIF - Por Conta do Fornecedor
F10-714,COMERCIAL GERDAU,31/03/2023,28 / 35 / 42 DDL,"0,00",CIF - Por Conta do Fornecedor
F10-715,KENTUCKY INDÚSTRIA E COMÉRCIO EIRELI EPP,03/04/2023,30 / 40 / 50 / 60 DDL,"0,00",CIF - Por Conta do Fornecedor
F10-716,Silfer Produtos Siderúrgicos,05/04/2023,21 DDL,"0,00",CIF - Por Conta do Fornecedor
F10-717,COMERCIAL GERDAU,20/04/2023,28 / 35 / 42 DDL,"0,00",CIF - Por Conta do Fornecedor
F10-718,Jefer Produtos Siderúrgicos Eireli,22/04/2023,28 / 35 / 42 DDL,"0,00",CIF - Por Conta do Fornecedor